monaco,bfs,native,roadNet-CA,0.05,1.32,0.04,1.18,0.17
monaco,bfs,native,kron,10.92,10.13,9.63,10.34,10.32
monaco,bfs,native,in-2004,24.41,22.72,24.80,24.93,25.37
monaco,bfs,native,ljournal-2008,42.44,41.87,39.95,42.49,41.48
monaco,bfs,native,USA-road-d.E,62.27,60.80,61.20,61.18,61.96
monaco,bfs,native,higgs-twitter,80.54,80.35,78.32,81.59,79.74
monaco,bfs,native,Si5H12,101.82,102.34,103.39,102.68,103.46
monaco,bfs,native,com-Youtube,124.11,123.71,126.56,126.34,125.34
monaco,bfs,native,erdos,149.06,149.34,148.90,150.96,149.69
monaco,bfs,native,eu-2005,174.22,173.65,175.09,175.17,174.08
monaco,bfs,mkl,roadNet-CA,0.17,0.99,0.79,0.59,1.22
monaco,bfs,mkl,kron,23.25,25.74,25.49,25.22,24.95
monaco,bfs,mkl,in-2004,61.50,61.51,64.31,60.47,60.83
monaco,bfs,mkl,ljournal-2008,103.56,104.09,102.41,103.14,105.90
monaco,bfs,mkl,USA-road-d.E,152.44,153.24,151.23,151.11,153.41
monaco,bfs,mkl,higgs-twitter,203.73,202.82,202.10,201.61,202.48
monaco,bfs,mkl,Si5H12,257.92,256.72,257.25,256.07,256.92
monaco,bfs,mkl,com-Youtube,310.86,312.24,314.89,312.57,314.00
monaco,bfs,mkl,erdos,372.78,373.59,373.55,375.18,373.88
monaco,bfs,mkl,eu-2005,435.88,433.82,435.44,434.37,433.48
monaco,bfs,gpu,roadNet-CA,1.00,1.00,0.92,0.29,1.33
monaco,bfs,gpu,kron,12.65,11.63,13.40,11.99,10.32
monaco,bfs,gpu,in-2004,30.86,30.66,30.10,29.24,27.86
monaco,bfs,gpu,ljournal-2008,50.03,49.30,50.73,50.26,48.88
monaco,bfs,gpu,USA-road-d.E,72.67,71.02,71.64,71.93,73.03
monaco,bfs,gpu,higgs-twitter,96.19,96.86,97.73,96.00,97.36
monaco,bfs,gpu,Si5H12,124.17,122.49,121.39,123.07,125.02
monaco,bfs,gpu,com-Youtube,151.49,149.94,150.79,150.70,149.12
monaco,bfs,gpu,erdos,177.84,179.53,181.83,179.39,181.25
monaco,bfs,gpu,eu-2005,209.12,207.26,208.34,207.42,207.95
monaco,bfs,opencl00,roadNet-CA,0.85,1.47,0.19,1.65,0.12
monaco,bfs,opencl00,kron,8.76,7.77,9.03,7.08,6.90
monaco,bfs,opencl00,in-2004,21.48,20.97,18.10,18.11,19.39
monaco,bfs,opencl00,ljournal-2008,34.10,33.87,33.53,32.38,35.07
monaco,bfs,opencl00,USA-road-d.E,47.38,50.28,46.42,47.94,49.37
monaco,bfs,opencl00,higgs-twitter,65.80,64.34,66.42,65.07,66.37
monaco,bfs,opencl00,Si5H12,81.45,82.37,82.23,81.46,82.07
monaco,bfs,opencl00,com-Youtube,101.66,100.01,98.65,99.50,100.61
monaco,bfs,opencl00,erdos,119.13,118.79,119.31,118.96,118.51
monaco,bfs,opencl00,eu-2005,138.61,139.98,141.16,137.97,138.86
monaco,bfs,sparsex,roadNet-CA,1.19,0.13,0.91,0.75,0.64
monaco,bfs,sparsex,kron,4.12,5.15,4.89,3.40,3.79
monaco,bfs,sparsex,in-2004,9.09,8.68,9.74,11.12,9.46
monaco,bfs,sparsex,ljournal-2008,16.23,15.05,14.80,14.98,17.35
monaco,bfs,sparsex,USA-road-d.E,23.52,24.25,24.26,24.83,23.97
monaco,bfs,sparsex,higgs-twitter,31.26,34.50,31.58,31.20,33.78
monaco,bfs,sparsex,Si5H12,38.32,43.41,40.93,40.97,40.56
monaco,bfs,sparsex,com-Youtube,50.41,49.11,50.50,50.90,49.45
monaco,bfs,sparsex,erdos,57.78,60.01,60.24,61.27,58.57
monaco,bfs,sparsex,eu-2005,69.34,69.18,69.76,71.69,70.09
monaco,NPB,native,S,0.66,0.11,0.22,0.35,0.33
monaco,NPB,native,W,9.53,10.12,10.15,9.91,11.49
monaco,NPB,native,A,24.49,25.40,23.40,25.04,25.50
monaco,NPB,native,B,41.02,41.63,41.06,41.36,41.94
monaco,NPB,native,C,61.22,60.57,60.05,60.77,61.73
monaco,NPB,native,D,80.88,80.02,80.80,80.22,81.26
monaco,NPB,mkl,S,1.72,1.47,2.03,0.64,2.28
monaco,NPB,mkl,W,27.03,24.39,24.47,25.46,26.03
monaco,NPB,mkl,A,62.00,60.02,60.10,61.08,64.12
monaco,NPB,mkl,B,104.20,104.79,103.84,104.03,103.32
monaco,NPB,mkl,C,152.79,151.38,152.27,151.06,152.84
monaco,NPB,mkl,D,202.89,202.81,201.86,200.69,202.28
monaco,NPB,gpu,S,0.17,0.62,0.57,0.79,1.48
monaco,NPB,gpu,W,13.16,12.69,10.90,12.24,11.65
monaco,NPB,gpu,A,28.94,29.06,30.75,30.21,29.59
monaco,NPB,gpu,B,50.22,51.26,48.87,48.94,49.39
monaco,NPB,gpu,C,72.24,71.22,71.49,72.77,72.35
monaco,NPB,gpu,D,98.10,95.68,97.10,96.82,97.52
monaco,NPB,opencl00,S,0.90,0.88,0.10,0.21,0.08
monaco,NPB,opencl00,W,6.33,6.48,8.46,7.97,8.03
monaco,NPB,opencl00,A,20.26,18.00,20.23,19.78,20.67
monaco,NPB,opencl00,B,34.34,34.41,33.67,32.24,33.72
monaco,NPB,opencl00,C,48.52,49.76,50.35,48.98,48.09
monaco,NPB,opencl00,D,64.65,66.26,64.38,65.63,65.39
monaco,NPB,sparsex,S,1.41,0.15,0.69,0.77,0.23
monaco,NPB,sparsex,W,2.88,5.61,4.75,4.40,3.57
monaco,NPB,sparsex,A,8.57,9.39,9.69,8.80,12.47
monaco,NPB,sparsex,B,16.88,17.84,17.36,18.17,16.75
monaco,NPB,sparsex,C,25.18,24.58,24.69,24.48,23.43
monaco,NPB,sparsex,D,31.28,33.00,32.57,32.80,31.88
monaco,PageRank,native,roadNet-CA,0.54,0.66,1.32,1.13,0.51
monaco,PageRank,native,kron,8.90,10.27,9.67,7.93,9.50
monaco,PageRank,native,in-2004,24.86,25.05,23.98,24.98,24.93
monaco,PageRank,native,ljournal-2008,41.05,42.14,41.28,42.07,41.35
monaco,PageRank,native,USA-road-d.E,61.77,61.38,60.18,61.48,60.61
monaco,PageRank,native,higgs-twitter,80.01,80.11,80.24,79.49,81.97
monaco,PageRank,native,Si5H12,103.82,102.35,104.18,103.44,102.29
monaco,PageRank,native,com-Youtube,125.22,125.89,125.71,124.34,124.33
monaco,PageRank,native,erdos,149.45,148.16,149.54,150.91,151.27
monaco,PageRank,native,eu-2005,173.75,174.17,172.16,172.83,174.12
monaco,PageRank,mkl,roadNet-CA,1.17,0.81,0.88,0.04,1.05
monaco,PageRank,mkl,kron,25.33,25.94,25.20,25.64,26.32
monaco,PageRank,mkl,in-2004,61.22,62.26,59.18,61.01,60.94
monaco,PageRank,mkl,ljournal-2008,102.39,104.84,105.59,104.79,103.12
monaco,PageRank,mkl,USA-road-d.E,150.36,151.63,152.82,151.78,148.86
monaco,PageRank,mkl,higgs-twitter,201.87,203.34,202.56,202.73,202.24
monaco,PageRank,mkl,Si5H12,256.44,256.62,255.94,258.01,259.11
monaco,PageRank,mkl,com-Youtube,313.75,314.98,315.91,313.93,314.34
monaco,PageRank,mkl,erdos,372.95,373.97,372.76,373.71,372.77
monaco,PageRank,mkl,eu-2005,433.25,434.75,434.87,433.83,434.85
monaco,PageRank,gpu,roadNet-CA,0.49,0.05,0.04,0.82,0.11
monaco,PageRank,gpu,kron,10.85,10.03,11.80,12.66,13.48
monaco,PageRank,gpu,in-2004,29.43,28.73,26.94,29.53,30.17
monaco,PageRank,gpu,ljournal-2008,49.06,52.02,50.32,50.20,49.84
monaco,PageRank,gpu,USA-road-d.E,72.08,73.39,72.37,73.99,72.37
monaco,PageRank,gpu,higgs-twitter,96.34,97.30,97.49,97.23,97.29
monaco,PageRank,gpu,Si5H12,123.93,125.30,122.40,123.03,122.91
monaco,PageRank,gpu,com-Youtube,150.59,150.54,151.15,150.04,150.74
monaco,PageRank,gpu,erdos,179.70,178.52,180.59,179.87,179.64
monaco,PageRank,gpu,eu-2005,208.27,209.21,208.25,209.55,207.81
monaco,PageRank,opencl00,roadNet-CA,1.83,1.12,1.10,1.71,0.58
monaco,PageRank,opencl00,kron,8.77,7.35,9.00,9.33,7.91
monaco,PageRank,opencl00,in-2004,20.17,19.75,20.83,19.50,19.01
monaco,PageRank,opencl00,ljournal-2008,31.88,33.13,34.56,34.63,33.09
monaco,PageRank,opencl00,USA-road-d.E,47.63,48.74,50.55,46.22,47.98
monaco,PageRank,opencl00,higgs-twitter,65.26,63.44,66.80,63.12,63.04
monaco,PageRank,opencl00,Si5H12,81.68,82.54,81.40,83.10,81.45
monaco,PageRank,opencl00,com-Youtube,101.86,99.39,101.75,98.28,99.01
monaco,PageRank,opencl00,erdos,120.45,120.27,120.40,119.14,119.96
monaco,PageRank,opencl00,eu-2005,138.98,140.08,139.59,140.06,138.84
monaco,PageRank,sparsex,roadNet-CA,0.43,1.78,1.28,0.07,0.34
monaco,PageRank,sparsex,kron,4.08,3.99,3.23,4.04,3.41
monaco,PageRank,sparsex,in-2004,11.36,10.31,8.15,9.48,10.11
monaco,PageRank,sparsex,ljournal-2008,17.01,15.99,16.54,15.90,17.11
monaco,PageRank,sparsex,USA-road-d.E,24.30,21.65,22.99,25.31,24.41
monaco,PageRank,sparsex,higgs-twitter,34.11,32.48,33.28,31.77,33.15
monaco,PageRank,sparsex,Si5H12,41.50,42.63,41.17,42.13,41.56
monaco,PageRank,sparsex,com-Youtube,50.02,48.38,49.96,50.55,49.98
monaco,PageRank,sparsex,erdos,59.57,59.73,58.23,59.53,60.58
monaco,PageRank,sparsex,eu-2005,69.92,69.69,69.57,69.34,70.93
monaco,parboil-spmv,native,small,0.43,0.37,1.84,0.26,1.61
monaco,parboil-spmv,native,medium,10.97,11.88,10.03,9.34,10.20
monaco,parboil-spmv,native,large,25.35,24.34,22.90,25.28,25.61
monaco,parboil-spmv,mkl,small,0.27,0.47,0.18,1.61,0.25
monaco,parboil-spmv,mkl,medium,23.59,25.92,24.52,24.63,24.65
monaco,parboil-spmv,mkl,large,62.90,62.78,59.08,62.37,60.95
monaco,parboil-spmv,gpu,small,0.09,2.20,2.04,0.29,0.88
monaco,parboil-spmv,gpu,medium,11.14,12.11,12.27,12.21,11.52
monaco,parboil-spmv,gpu,large,28.36,29.70,30.02,29.19,28.93
monaco,parboil-spmv,opencl00,small,0.23,0.99,0.73,0.22,1.10
monaco,parboil-spmv,opencl00,medium,8.40,8.41,7.35,7.41,9.39
monaco,parboil-spmv,opencl00,large,19.51,19.87,20.32,19.36,18.71
monaco,parboil-spmv,sparsex,small,1.40,0.72,1.01,2.36,0.65
monaco,parboil-spmv,sparsex,medium,3.37,4.02,4.95,4.77,3.11
monaco,parboil-spmv,sparsex,large,8.66,10.55,9.09,11.03,9.04
monaco,Netlib-C,native,40,0.65,1.03,0.20,1.00,0.35
monaco,Netlib-C,native,60,9.63,9.96,11.51,10.37,10.60
monaco,Netlib-C,native,80,25.35,23.41,26.74,23.86,25.56
monaco,Netlib-C,native,100,42.03,41.48,41.09,40.77,42.83
monaco,Netlib-C,native,120,59.64,60.36,58.85,60.43,59.82
monaco,Netlib-C,native,140,80.87,82.33,81.29,81.20,81.69
monaco,Netlib-C,native,160,100.00,101.63,102.62,102.35,102.23
monaco,Netlib-C,mkl,40,0.20,1.94,0.34,1.10,0.88
monaco,Netlib-C,mkl,60,24.31,24.97,25.90,23.94,26.84
monaco,Netlib-C,mkl,80,61.12,61.79,62.18,61.84,60.31
monaco,Netlib-C,mkl,100,104.70,104.39,106.64,104.13,104.07
monaco,Netlib-C,mkl,120,153.03,152.30,152.78,151.09,151.78
monaco,Netlib-C,mkl,140,202.58,202.52,202.34,204.27,202.67
monaco,Netlib-C,mkl,160,255.97,257.09,255.95,255.62,255.92
monaco,Netlib-C,gpu,40,0.11,0.73,2.98,0.96,0.86
monaco,Netlib-C,gpu,60,10.61,11.21,11.22,13.06,11.97
monaco,Netlib-C,gpu,80,29.20,29.66,29.78,29.32,29.74
monaco,Netlib-C,gpu,100,49.68,50.64,49.74,48.19,52.34
monaco,Netlib-C,gpu,120,73.93,72.52,72.79,71.69,73.22
monaco,Netlib-C,gpu,140,96.15,97.26,96.58,99.32,99.10
monaco,Netlib-C,gpu,160,123.18,123.29,123.90,121.64,123.29
monaco,Netlib-C,opencl00,40,1.60,0.19,0.75,1.30,1.12
monaco,Netlib-C,opencl00,60,8.03,7.84,6.18,7.18,9.56
monaco,Netlib-C,opencl00,80,20.62,20.03,20.18,20.63,19.68
monaco,Netlib-C,opencl00,100,34.44,33.54,33.58,33.05,33.54
monaco,Netlib-C,opencl00,120,48.18,47.35,46.76,46.26,47.87
monaco,Netlib-C,opencl00,140,63.22,65.06,63.47,64.49,64.04
monaco,Netlib-C,opencl00,160,81.76,83.95,82.20,80.59,80.77
monaco,Netlib-C,sparsex,40,0.97,0.54,0.49,0.09,0.85
monaco,Netlib-C,sparsex,60,4.55,4.78,3.75,3.46,5.95
monaco,Netlib-C,sparsex,80,8.85,10.70,9.63,10.72,9.01
monaco,Netlib-C,sparsex,100,16.80,16.80,15.92,16.89,16.52
monaco,Netlib-C,sparsex,120,24.60,23.83,23.38,22.82,23.48
monaco,Netlib-C,sparsex,140,32.45,33.01,30.76,32.55,33.31
monaco,Netlib-C,sparsex,160,39.87,40.71,41.23,42.09,41.58
monaco,Netlib-F,native,40,0.59,0.51,0.43,0.56,1.13
monaco,Netlib-F,native,60,9.05,10.36,8.96,8.98,9.89
monaco,Netlib-F,native,80,25.76,24.60,24.38,23.47,25.67
monaco,Netlib-F,native,100,40.06,43.88,41.87,40.28,40.96
monaco,Netlib-F,native,120,61.08,61.41,60.87,60.66,59.47
monaco,Netlib-F,native,140,80.49,81.35,80.47,80.06,78.30
monaco,Netlib-F,native,160,103.27,103.62,103.56,101.26,104.31
monaco,Netlib-F,mkl,40,1.35,0.20,0.44,0.81,0.12
monaco,Netlib-F,mkl,60,23.95,25.13,27.48,26.67,24.82
monaco,Netlib-F,mkl,80,61.81,62.52,60.56,60.68,60.75
monaco,Netlib-F,mkl,100,100.94,106.26,103.92,103.66,104.24
monaco,Netlib-F,mkl,120,152.68,150.70,149.18,149.69,153.04
monaco,Netlib-F,mkl,140,201.83,201.91,202.11,204.20,203.26
monaco,Netlib-F,mkl,160,256.91,256.54,255.39,257.45,255.36
monaco,Netlib-F,gpu,40,0.19,0.36,0.16,1.11,0.84
monaco,Netlib-F,gpu,60,12.37,11.42,11.90,12.04,11.92
monaco,Netlib-F,gpu,80,29.51,30.69,29.43,29.95,29.68
monaco,Netlib-F,gpu,100,49.27,49.71,49.76,51.26,51.74
monaco,Netlib-F,gpu,120,72.11,73.89,72.57,71.35,74.75
monaco,Netlib-F,gpu,140,99.89,95.35,95.77,97.15,97.65
monaco,Netlib-F,gpu,160,121.42,123.63,124.49,122.19,123.64
monaco,Netlib-F,opencl00,40,0.73,0.29,0.81,0.33,0.74
monaco,Netlib-F,opencl00,60,7.33,7.08,6.85,5.84,7.58
monaco,Netlib-F,opencl00,80,19.41,17.27,20.61,19.08,20.84
monaco,Netlib-F,opencl00,100,32.15,34.19,34.00,33.47,33.42
monaco,Netlib-F,opencl00,120,47.81,48.96,47.05,49.60,49.38
monaco,Netlib-F,opencl00,140,63.93,63.59,66.06,65.88,65.46
monaco,Netlib-F,opencl00,160,81.08,81.35,82.88,83.93,81.91
monaco,Netlib-F,sparsex,40,0.39,1.69,0.14,0.26,0.96
monaco,Netlib-F,sparsex,60,3.22,4.72,2.66,3.84,4.06
monaco,Netlib-F,sparsex,80,9.29,10.92,9.29,10.96,8.61
monaco,Netlib-F,sparsex,100,17.02,17.00,14.47,17.36,16.74
monaco,Netlib-F,sparsex,120,24.57,22.71,26.67,23.87,24.85
monaco,Netlib-F,sparsex,140,34.48,32.79,33.76,31.59,32.40
monaco,Netlib-F,sparsex,160,40.42,41.40,42.43,39.92,40.04
monaco,pfold,native,0.small,0.09,1.81,0.79,1.93,0.12
monaco,pfold,native,1.small,10.24,9.24,8.90,10.01,9.36
monaco,pfold,native,2.small,24.03,22.28,25.05,23.79,25.27
monaco,pfold,native,0.large,41.80,42.36,41.98,42.95,42.67
monaco,pfold,native,1.large,60.67,57.17,61.12,59.35,60.10
monaco,pfold,native,2.large,82.06,82.26,80.87,80.20,82.20
monaco,pfold,mkl,0.small,0.45,0.71,0.54,0.27,0.46
monaco,pfold,mkl,1.small,25.77,25.51,25.96,24.69,25.51
monaco,pfold,mkl,2.small,61.98,61.35,63.35,61.29,62.53
monaco,pfold,mkl,0.large,103.30,105.15,103.03,105.44,105.47
monaco,pfold,mkl,1.large,153.04,152.35,152.12,150.60,150.23
monaco,pfold,mkl,2.large,203.78,201.33,200.95,202.97,203.18
monaco,pfold,gpu,0.small,0.48,0.38,0.17,1.05,0.65
monaco,pfold,gpu,1.small,13.28,11.49,11.99,12.83,10.79
monaco,pfold,gpu,2.small,29.35,29.04,28.93,27.42,31.66
monaco,pfold,gpu,0.large,50.81,50.29,50.06,49.78,50.42
monaco,pfold,gpu,1.large,71.99,72.21,73.77,73.25,74.27
monaco,pfold,gpu,2.large,95.90,96.65,99.96,97.21,96.00
monaco,pfold,opencl00,0.small,0.60,0.30,0.68,0.04,1.32
monaco,pfold,opencl00,1.small,7.26,8.53,8.27,8.77,7.06
monaco,pfold,opencl00,2.small,18.17,18.41,19.92,20.86,18.97
monaco,pfold,opencl00,0.large,34.68,33.26,34.48,31.86,31.90
monaco,pfold,opencl00,1.large,49.17,49.68,47.87,48.87,50.15
monaco,pfold,opencl00,2.large,63.75,64.23,63.33,64.95,65.27
monaco,pfold,sparsex,0.small,1.31,0.75,0.97,0.46,0.58
monaco,pfold,sparsex,1.small,4.06,4.14,4.32,3.84,4.78
monaco,pfold,sparsex,2.small,11.14,10.90,8.38,10.76,9.74
monaco,pfold,sparsex,0.large,18.07,16.89,17.96,16.08,15.89
monaco,pfold,sparsex,1.large,25.37,24.31,23.06,24.26,24.63
monaco,pfold,sparsex,2.large,31.90,33.84,33.46,30.95,33.07
monaco,ngt,native,0.small,0.09,0.81,0.25,1.33,0.44
monaco,ngt,native,1.small,10.73,12.25,8.99,10.92,10.47
monaco,ngt,native,2.small,23.89,23.98,26.81,23.70,24.03
monaco,ngt,native,0.large,40.81,40.99,42.68,42.78,42.34
monaco,ngt,native,1.large,60.38,58.76,60.19,61.86,60.26
monaco,ngt,native,2.large,81.92,82.24,81.25,82.49,81.18
monaco,ngt,mkl,0.small,2.34,0.39,0.45,0.81,0.41
monaco,ngt,mkl,1.small,26.17,24.09,24.42,24.78,24.61
monaco,ngt,mkl,2.small,61.57,61.50,60.89,62.65,63.23
monaco,ngt,mkl,0.large,103.05,104.32,104.91,104.20,103.71
monaco,ngt,mkl,1.large,152.78,152.26,153.52,152.57,151.02
monaco,ngt,mkl,2.large,201.92,201.59,203.78,201.94,203.66
monaco,ngt,gpu,0.small,0.37,0.12,0.79,0.03,1.33
monaco,ngt,gpu,1.small,11.56,12.92,12.07,11.94,12.06
monaco,ngt,gpu,2.small,29.26,29.59,30.46,28.87,28.75
monaco,ngt,gpu,0.large,47.68,52.03,48.88,48.64,49.29
monaco,ngt,gpu,1.large,72.12,73.99,72.83,72.31,73.19
monaco,ngt,gpu,2.large,97.91,97.32,94.35,96.78,97.27
monaco,ngt,opencl00,0.small,1.21,0.98,0.80,0.56,0.32
monaco,ngt,opencl00,1.small,7.71,8.13,6.75,8.96,6.21
monaco,ngt,opencl00,2.small,18.06,19.61,20.73,19.57,19.47
monaco,ngt,opencl00,0.large,33.22,32.05,33.63,32.56,33.17
monaco,ngt,opencl00,1.large,47.88,48.58,47.01,48.02,47.32
monaco,ngt,opencl00,2.large,63.75,65.04,63.08,64.96,64.57
monaco,ngt,sparsex,0.small,1.36,0.52,0.10,0.97,0.19
monaco,ngt,sparsex,1.small,3.76,2.94,5.07,5.14,2.42
monaco,ngt,sparsex,2.small,10.95,9.29,9.43,9.48,10.09
monaco,ngt,sparsex,0.large,15.05,15.79,17.77,16.77,15.72
monaco,ngt,sparsex,1.large,24.69,24.14,23.24,24.73,23.27
monaco,ngt,sparsex,2.large,32.00,34.40,33.09,34.97,33.10
michel,bfs,native,roadNet-CA,0.38,0.52,0.18,1.54,0.49
michel,bfs,native,kron,5.00,6.92,4.03,3.41,2.51
michel,bfs,native,in-2004,8.82,9.77,11.13,8.65,11.35
michel,bfs,native,ljournal-2008,17.24,17.64,15.28,17.45,18.01
michel,bfs,native,USA-road-d.E,22.42,24.13,24.55,22.25,24.25
michel,bfs,native,higgs-twitter,31.63,33.73,31.74,30.89,32.42
michel,bfs,native,Si5H12,39.55,40.79,40.83,40.86,41.31
michel,bfs,native,com-Youtube,50.27,48.61,51.20,51.12,50.10
michel,bfs,native,erdos,60.22,59.98,59.99,58.16,61.30
michel,bfs,native,eu-2005,68.07,68.90,69.51,69.75,69.01
michel,bfs,gpu,roadNet-CA,0.21,1.24,1.83,1.53,0.82
michel,bfs,gpu,kron,4.54,6.06,4.68,5.47,7.78
michel,bfs,gpu,in-2004,11.49,11.04,11.09,11.65,12.17
michel,bfs,gpu,ljournal-2008,18.81,21.31,18.40,20.26,19.36
michel,bfs,gpu,USA-road-d.E,27.59,29.42,30.96,29.48,29.01
michel,bfs,gpu,higgs-twitter,37.20,39.11,38.88,38.74,38.67
michel,bfs,gpu,Si5H12,49.03,46.73,48.22,48.00,50.11
michel,bfs,gpu,com-Youtube,62.30,58.65,60.86,59.87,60.46
michel,bfs,gpu,erdos,72.03,70.47,71.67,71.84,72.00
michel,bfs,gpu,eu-2005,85.58,82.89,85.11,83.08,83.54
michel,bfs,opencl00,roadNet-CA,0.30,1.47,1.27,0.16,1.71
michel,bfs,opencl00,kron,1.48,1.63,1.94,2.70,4.19
michel,bfs,opencl00,in-2004,7.38,7.41,11.40,8.38,8.37
michel,bfs,opencl00,ljournal-2008,13.54,14.95,12.78,13.19,12.07
michel,bfs,opencl00,USA-road-d.E,19.01,18.78,18.46,18.50,19.03
michel,bfs,opencl00,higgs-twitter,26.84,25.97,25.13,25.63,25.79
michel,bfs,opencl00,Si5H12,32.33,33.35,33.43,33.06,32.94
michel,bfs,opencl00,com-Youtube,38.86,40.69,39.34,39.48,41.58
michel,bfs,opencl00,erdos,48.09,47.25,47.70,47.25,46.17
michel,bfs,opencl00,eu-2005,55.86,55.34,56.07,54.98,54.70
michel,bfs,opencl01,roadNet-CA,0.16,0.33,1.18,1.51,0.19
michel,bfs,opencl01,kron,3.78,3.69,3.74,2.33,1.96
michel,bfs,opencl01,in-2004,8.64,8.97,8.38,10.03,9.82
michel,bfs,opencl01,ljournal-2008,15.39,13.97,13.98,15.42,14.62
michel,bfs,opencl01,USA-road-d.E,21.78,20.96,21.51,23.07,21.16
michel,bfs,opencl01,higgs-twitter,29.27,27.84,27.78,29.40,29.02
michel,bfs,opencl01,Si5H12,38.04,35.22,37.16,35.38,37.23
michel,bfs,opencl01,com-Youtube,43.94,43.56,46.18,46.03,46.47
michel,bfs,opencl01,erdos,56.29,52.72,54.39,53.55,54.03
michel,bfs,opencl01,eu-2005,59.80,62.74,63.32,61.85,62.74
michel,bfs,sparsex,roadNet-CA,2.20,1.05,0.22,0.51,0.80
michel,bfs,sparsex,kron,1.45,1.40,2.03,0.96,1.37
michel,bfs,sparsex,in-2004,3.93,4.41,5.79,2.91,4.87
michel,bfs,sparsex,ljournal-2008,7.81,6.78,6.25,6.45,3.98
michel,bfs,sparsex,USA-road-d.E,8.81,10.55,10.92,9.70,11.58
michel,bfs,sparsex,higgs-twitter,13.54,12.83,12.58,11.56,13.73
michel,bfs,sparsex,Si5H12,16.99,16.78,15.28,16.20,16.21
michel,bfs,sparsex,com-Youtube,20.69,21.65,21.75,20.22,20.99
michel,bfs,sparsex,erdos,24.86,24.72,22.59,26.89,24.70
michel,bfs,sparsex,eu-2005,27.44,27.22,24.90,28.99,29.27
michel,NPB,native,S,0.86,0.42,0.53,1.51,0.93
michel,NPB,native,W,3.85,4.40,4.35,3.91,3.99
michel,NPB,native,A,7.18,9.13,10.84,9.53,10.59
michel,NPB,native,B,17.53,18.80,16.63,16.96,16.75
michel,NPB,native,C,24.88,23.65,22.93,24.16,24.62
michel,NPB,native,D,32.31,32.53,33.29,31.51,32.91
michel,NPB,gpu,S,1.77,1.11,0.38,0.95,0.74
michel,NPB,gpu,W,4.19,5.17,4.81,3.87,4.88
michel,NPB,gpu,A,12.79,12.03,10.91,10.19,11.02
michel,NPB,gpu,B,19.73,20.39,19.17,19.64,21.37
michel,NPB,gpu,C,29.32,30.76,29.55,27.75,29.50
michel,NPB,gpu,D,39.25,39.25,38.22,38.88,38.43
michel,NPB,opencl00,S,0.90,1.21,0.56,0.46,0.40
michel,NPB,opencl00,W,2.97,2.25,2.59,4.21,3.90
michel,NPB,opencl00,A,7.82,8.06,7.34,7.99,9.96
michel,NPB,opencl00,B,14.41,11.12,13.94,14.03,12.21
michel,NPB,opencl00,C,20.59,18.60,19.26,17.87,19.89
michel,NPB,opencl00,D,26.26,26.30,25.29,26.33,24.39
michel,NPB,opencl01,S,0.56,1.33,1.11,2.15,1.20
michel,NPB,opencl01,W,2.87,3.46,1.95,4.09,4.26
michel,NPB,opencl01,A,8.47,9.49,7.13,7.08,9.35
michel,NPB,opencl01,B,15.49,14.09,14.47,15.56,15.03
michel,NPB,opencl01,C,22.85,22.25,21.62,20.49,20.82
michel,NPB,opencl01,D,28.02,29.72,27.67,29.07,29.58
michel,NPB,sparsex,S,1.17,1.85,1.77,0.01,0.42
michel,NPB,sparsex,W,0.77,1.17,1.43,0.65,2.63
michel,NPB,sparsex,A,2.16,3.40,3.59,3.64,3.57
michel,NPB,sparsex,B,7.83,7.94,6.39,5.95,5.89
michel,NPB,sparsex,C,10.42,11.54,8.99,9.62,8.71
michel,NPB,sparsex,D,12.55,12.80,13.53,13.41,13.87
michel,PageRank,native,roadNet-CA,0.52,0.33,0.18,0.71,1.34
michel,PageRank,native,kron,2.76,3.77,5.29,2.81,3.87
michel,PageRank,native,in-2004,9.66,9.21,9.38,10.18,10.73
michel,PageRank,native,ljournal-2008,16.41,16.41,17.89,18.29,15.87
michel,PageRank,native,USA-road-d.E,24.59,23.39,23.29,24.04,25.64
michel,PageRank,native,higgs-twitter,32.58,32.27,30.88,33.46,32.84
michel,PageRank,native,Si5H12,41.80,37.91,40.48,42.53,40.50
michel,PageRank,native,com-Youtube,51.68,49.99,50.17,49.19,50.78
michel,PageRank,native,erdos,58.04,60.36,58.57,58.33,58.62
michel,PageRank,native,eu-2005,71.64,70.41,70.82,69.77,69.37
michel,PageRank,gpu,roadNet-CA,0.06,0.65,0.91,0.05,1.33
michel,PageRank,gpu,kron,3.96,5.64,4.55,2.29,4.00
michel,PageRank,gpu,in-2004,13.16,11.82,12.57,14.31,12.16
michel,PageRank,gpu,ljournal-2008,19.07,18.39,18.19,20.35,19.54
michel,PageRank,gpu,USA-road-d.E,31.38,30.97,29.97,28.93,29.95
michel,PageRank,gpu,higgs-twitter,39.62,37.81,39.60,40.89,39.04
michel,PageRank,gpu,Si5H12,49.72,48.05,48.66,47.80,51.04
michel,PageRank,gpu,com-Youtube,60.15,60.79,59.54,61.19,61.11
michel,PageRank,gpu,erdos,72.31,69.92,70.85,71.68,71.46
michel,PageRank,gpu,eu-2005,83.60,83.35,83.98,83.49,81.81
michel,PageRank,opencl00,roadNet-CA,0.19,1.28,1.20,2.04,3.27
michel,PageRank,opencl00,kron,3.95,2.16,2.69,4.01,2.77
michel,PageRank,opencl00,in-2004,6.74,5.97,7.77,8.60,7.85
michel,PageRank,opencl00,ljournal-2008,12.32,12.26,13.90,13.38,13.06
michel,PageRank,opencl00,USA-road-d.E,19.07,19.71,19.93,19.29,19.83
michel,PageRank,opencl00,higgs-twitter,24.83,25.98,24.88,25.92,25.11
michel,PageRank,opencl00,Si5H12,33.22,32.61,34.65,31.97,32.13
michel,PageRank,opencl00,com-Youtube,40.58,40.48,39.32,40.56,40.76
michel,PageRank,opencl00,erdos,48.87,47.74,49.33,48.25,46.83
michel,PageRank,opencl00,eu-2005,53.98,56.19,54.81,56.49,56.88
michel,PageRank,opencl01,roadNet-CA,0.01,0.42,1.18,1.59,1.10
michel,PageRank,opencl01,kron,2.21,4.49,4.34,4.15,3.93
michel,PageRank,opencl01,in-2004,7.56,8.41,8.80,8.22,9.71
michel,PageRank,opencl01,ljournal-2008,15.93,15.83,15.95,15.34,16.52
michel,PageRank,opencl01,USA-road-d.E,20.34,20.62,20.50,21.80,22.43
michel,PageRank,opencl01,higgs-twitter,28.15,29.26,29.32,29.88,29.33
michel,PageRank,opencl01,Si5H12,37.94,37.56,37.15,38.91,35.91
michel,PageRank,opencl01,com-Youtube,44.34,44.14,45.99,45.78,45.02
michel,PageRank,opencl01,erdos,54.08,53.52,56.00,52.53,53.92
michel,PageRank,opencl01,eu-2005,63.77,62.97,61.27,63.75,63.58
michel,PageRank,sparsex,roadNet-CA,0.86,1.08,1.28,0.51,0.98
michel,PageRank,sparsex,kron,2.97,0.35,0.71,1.16,1.76
michel,PageRank,sparsex,in-2004,3.06,3.29,3.74,4.90,5.79
michel,PageRank,sparsex,ljournal-2008,6.05,7.29,7.42,7.82,5.20
michel,PageRank,sparsex,USA-road-d.E,10.93,10.81,10.60,10.68,10.91
michel,PageRank,sparsex,higgs-twitter,13.82,13.81,13.87,11.97,13.32
michel,PageRank,sparsex,Si5H12,18.71,15.85,16.10,15.96,16.40
michel,PageRank,sparsex,com-Youtube,20.04,20.56,19.46,19.62,20.29
michel,PageRank,sparsex,erdos,23.77,25.17,23.99,25.70,24.96
michel,PageRank,sparsex,eu-2005,27.10,28.96,28.09,26.65,27.67
michel,parboil-spmv,native,small,0.90,0.56,0.25,0.92,0.93
michel,parboil-spmv,native,medium,2.29,5.08,2.92,5.47,2.89
michel,parboil-spmv,native,large,9.24,9.70,9.21,10.12,11.11
michel,parboil-spmv,gpu,small,0.18,0.15,0.66,0.59,0.14
michel,parboil-spmv,gpu,medium,5.04,4.81,3.61,4.28,4.33
michel,parboil-spmv,gpu,large,12.08,12.34,10.90,11.30,10.68
michel,parboil-spmv,opencl00,small,1.20,0.84,0.18,0.14,0.39
michel,parboil-spmv,opencl00,medium,2.62,2.95,1.26,3.64,4.99
michel,parboil-spmv,opencl00,large,8.34,7.14,8.88,8.23,8.00
michel,parboil-spmv,opencl01,small,0.30,1.25,0.04,0.30,1.85
michel,parboil-spmv,opencl01,medium,2.89,4.60,2.88,5.92,4.73
michel,parboil-spmv,opencl01,large,10.47,10.06,8.79,7.54,10.78
michel,parboil-spmv,sparsex,small,0.64,0.54,2.36,1.20,0.79
michel,parboil-spmv,sparsex,medium,2.18,3.34,1.32,0.14,1.14
michel,parboil-spmv,sparsex,large,4.02,2.50,7.06,5.93,5.13
michel,Netlib-C,native,40,2.53,0.54,0.45,0.81,0.52
michel,Netlib-C,native,60,3.75,2.87,4.84,3.52,2.51
michel,Netlib-C,native,80,9.66,9.59,11.69,9.51,8.38
michel,Netlib-C,native,100,15.47,16.38,17.58,15.31,16.70
michel,Netlib-C,native,120,25.50,22.06,26.77,24.27,23.97
michel,Netlib-C,native,140,32.36,31.99,32.85,32.01,32.36
michel,Netlib-C,native,160,38.55,41.80,41.18,40.89,41.82
michel,Netlib-C,gpu,40,2.07,0.70,0.43,2.79,0.42
michel,Netlib-C,gpu,60,6.35,4.96,6.02,5.63,3.60
michel,Netlib-C,gpu,80,11.21,11.70,11.97,13.41,11.39
michel,Netlib-C,gpu,100,18.90,19.10,19.31,20.36,21.60
michel,Netlib-C,gpu,120,29.56,28.08,30.62,29.08,30.31
michel,Netlib-C,gpu,140,39.89,38.36,38.16,38.17,38.91
michel,Netlib-C,gpu,160,47.19,49.35,47.54,49.77,49.84
michel,Netlib-C,opencl00,40,0.34,0.00,0.49,2.27,0.09
michel,Netlib-C,opencl00,60,4.45,1.96,2.90,3.87,1.73
michel,Netlib-C,opencl00,80,6.93,7.84,7.54,6.72,6.71
michel,Netlib-C,opencl00,100,14.96,12.41,13.39,13.20,14.49
michel,Netlib-C,opencl00,120,18.23,21.26,18.70,18.72,19.32
michel,Netlib-C,opencl00,140,26.68,25.34,27.03,26.35,26.15
michel,Netlib-C,opencl00,160,32.09,34.98,33.41,32.27,34.15
michel,Netlib-C,opencl01,40,1.69,0.91,0.80,0.29,0.82
michel,Netlib-C,opencl01,60,3.85,3.12,3.01,2.61,3.77
michel,Netlib-C,opencl01,80,9.37,7.70,11.55,8.42,8.03
michel,Netlib-C,opencl01,100,15.61,15.96,16.28,15.44,15.03
michel,Netlib-C,opencl01,120,21.58,22.77,21.34,21.38,22.07
michel,Netlib-C,opencl01,140,30.69,28.51,27.91,28.67,28.75
michel,Netlib-C,opencl01,160,36.83,37.10,37.21,36.58,36.93
michel,Netlib-C,sparsex,40,0.83,0.62,0.19,1.18,0.34
michel,Netlib-C,sparsex,60,3.11,1.50,2.12,1.83,1.67
michel,Netlib-C,sparsex,80,2.28,2.52,3.79,3.39,3.39
michel,Netlib-C,sparsex,100,5.62,5.90,5.37,7.08,6.76
michel,Netlib-C,sparsex,120,11.20,8.81,11.29,9.40,11.28
michel,Netlib-C,sparsex,140,13.03,12.22,11.74,11.70,13.38
michel,Netlib-C,sparsex,160,15.87,17.33,17.32,15.48,15.63
michel,Netlib-F,native,40,0.18,1.67,0.81,0.34,1.97
michel,Netlib-F,native,60,4.34,4.74,4.14,2.73,3.70
michel,Netlib-F,native,80,9.14,9.90,9.48,11.53,11.12
michel,Netlib-F,native,100,17.39,17.60,15.26,15.36,15.57
michel,Netlib-F,native,120,24.54,25.35,24.40,24.97,24.81
michel,Netlib-F,native,140,32.82,32.89,32.60,31.90,33.22
michel,Netlib-F,native,160,40.18,41.18,43.34,40.71,41.58
michel,Netlib-F,gpu,40,0.96,0.77,1.08,0.22,0.03
michel,Netlib-F,gpu,60,3.77,5.68,5.21,4.31,6.79
michel,Netlib-F,gpu,80,11.97,13.60,11.11,12.00,10.35
michel,Netlib-F,gpu,100,19.66,19.58,17.95,20.30,19.06
michel,Netlib-F,gpu,120,31.19,29.49,29.78,28.91,27.19
michel,Netlib-F,gpu,140,39.18,40.02,38.30,37.57,38.36
michel,Netlib-F,gpu,160,48.55,48.81,49.87,49.42,48.98
michel,Netlib-F,opencl00,40,0.18,0.19,0.59,0.07,0.88
michel,Netlib-F,opencl00,60,3.41,1.72,1.10,4.98,3.14
michel,Netlib-F,opencl00,80,6.58,9.64,8.65,8.17,6.80
michel,Netlib-F,opencl00,100,12.77,12.39,13.70,12.35,14.80
michel,Netlib-F,opencl00,120,18.52,20.52,19.76,18.47,19.50
michel,Netlib-F,opencl00,140,25.09,23.65,23.98,25.57,25.61
michel,Netlib-F,opencl00,160,32.18,32.50,31.03,32.33,31.56
michel,Netlib-F,opencl01,40,0.30,0.37,0.73,0.39,0.22
michel,Netlib-F,opencl01,60,2.35,3.97,2.72,3.98,4.03
michel,Netlib-F,opencl01,80,8.87,9.15,7.96,9.01,9.00
michel,Netlib-F,opencl01,100,17.00,14.47,15.23,14.17,15.46
michel,Netlib-F,opencl01,120,22.53,22.25,21.37,21.64,21.29
michel,Netlib-F,opencl01,140,28.09,28.24,30.55,27.59,28.06
michel,Netlib-F,opencl01,160,39.21,37.88,38.57,39.23,36.84
michel,Netlib-F,sparsex,40,0.55,1.01,1.22,0.77,0.07
michel,Netlib-F,sparsex,60,0.58,1.11,0.03,0.05,1.37
michel,Netlib-F,sparsex,80,3.93,3.46,5.56,4.46,3.67
michel,Netlib-F,sparsex,100,6.63,7.61,6.92,6.06,6.10
michel,Netlib-F,sparsex,120,8.62,10.64,8.10,9.79,10.68
michel,Netlib-F,sparsex,140,11.82,11.47,13.04,12.34,13.55
michel,Netlib-F,sparsex,160,16.65,16.77,16.59,15.10,17.85
michel,pfold,native,0.small,0.16,1.67,0.09,1.89,0.36
michel,pfold,native,1.small,3.62,3.73,5.27,3.84,3.53
michel,pfold,native,2.small,10.50,10.31,11.41,10.13,10.92
michel,pfold,native,0.large,14.96,17.91,16.93,16.09,17.02
michel,pfold,native,1.large,23.77,25.58,24.94,25.09,23.94
michel,pfold,native,2.large,32.07,31.96,31.44,32.28,32.48
michel,pfold,gpu,0.small,2.95,0.06,0.51,0.23,0.48
michel,pfold,gpu,1.small,3.34,3.10,6.88,4.13,6.17
michel,pfold,gpu,2.small,11.86,10.29,12.99,12.53,11.78
michel,pfold,gpu,0.large,20.07,18.30,19.48,21.28,20.40
michel,pfold,gpu,1.large,31.11,28.58,28.89,28.46,27.62
michel,pfold,gpu,2.large,38.95,39.89,39.93,39.91,38.58
michel,pfold,opencl00,0.small,1.15,1.10,0.04,0.86,0.13
michel,pfold,opencl00,1.small,2.53,3.29,3.82,3.78,4.57
michel,pfold,opencl00,2.small,8.56,6.95,8.22,7.30,7.91
michel,pfold,opencl00,0.large,12.30,12.42,12.35,13.06,12.27
michel,pfold,opencl00,1.large,19.01,18.95,20.33,18.20,19.11
michel,pfold,opencl00,2.large,26.07,26.62,25.83,25.32,27.09
michel,pfold,opencl01,0.small,0.33,0.66,0.62,0.85,0.88
michel,pfold,opencl01,1.small,2.96,3.53,4.26,3.91,4.93
michel,pfold,opencl01,2.small,9.44,10.16,7.82,7.39,6.72
michel,pfold,opencl01,0.large,14.49,14.03,15.48,14.80,13.92
michel,pfold,opencl01,1.large,20.03,19.88,23.43,20.54,21.80
michel,pfold,opencl01,2.large,28.42,27.79,27.94,30.25,28.28
michel,pfold,sparsex,0.small,0.14,0.01,1.25,1.72,0.72
michel,pfold,sparsex,1.small,1.27,2.31,2.45,0.08,2.76
michel,pfold,sparsex,2.small,2.35,2.51,3.53,3.68,5.60
michel,pfold,sparsex,0.large,7.36,7.58,7.03,6.60,8.09
michel,pfold,sparsex,1.large,9.78,9.07,9.33,9.79,9.71
michel,pfold,sparsex,2.large,12.37,13.71,12.35,14.28,11.75
michel,ngt,native,0.small,0.29,0.77,1.40,0.55,0.98
michel,ngt,native,1.small,4.09,5.06,4.10,5.90,3.43
michel,ngt,native,2.small,9.47,10.19,10.12,9.55,10.84
michel,ngt,native,0.large,17.33,16.90,17.90,17.33,15.44
michel,ngt,native,1.large,23.64,25.84,23.10,23.43,25.53
michel,ngt,native,2.large,31.97,34.53,33.76,32.02,32.62
michel,ngt,gpu,0.small,0.70,1.59,0.29,0.09,1.40
michel,ngt,gpu,1.small,3.92,5.32,5.29,3.94,4.57
michel,ngt,gpu,2.small,11.48,10.58,12.04,13.78,12.75
michel,ngt,gpu,0.large,19.14,20.02,20.19,19.64,21.10
michel,ngt,gpu,1.large,28.44,29.10,28.32,30.74,28.99
michel,ngt,gpu,2.large,40.97,39.03,38.07,39.35,39.12
michel,ngt,opencl00,0.small,1.60,1.96,0.67,0.81,0.73
michel,ngt,opencl00,1.small,4.60,2.49,3.87,3.14,2.94
michel,ngt,opencl00,2.small,8.03,6.95,6.67,7.59,8.20
michel,ngt,opencl00,0.large,13.04,14.76,14.52,14.09,13.72
michel,ngt,opencl00,1.large,16.68,18.36,19.69,20.63,20.53
michel,ngt,opencl00,2.large,26.32,24.95,25.60,23.46,26.05
michel,ngt,opencl01,0.small,0.94,2.26,0.74,1.46,0.40
michel,ngt,opencl01,1.small,2.79,2.47,5.50,2.59,4.13
michel,ngt,opencl01,2.small,6.55,10.56,8.89,6.95,8.18
michel,ngt,opencl01,0.large,14.86,14.79,15.56,14.11,15.41
michel,ngt,opencl01,1.large,23.00,22.56,22.06,23.34,22.39
michel,ngt,opencl01,2.large,28.38,28.13,28.29,30.87,28.42
michel,ngt,sparsex,0.small,1.01,1.40,0.08,0.21,0.08
michel,ngt,sparsex,1.small,0.80,0.88,3.03,0.17,3.29
michel,ngt,sparsex,2.small,3.83,2.32,1.98,3.40,4.51
michel,ngt,sparsex,0.large,6.26,6.61,8.78,6.36,7.31
michel,ngt,sparsex,1.large,9.63,8.48,8.61,8.98,8.94
michel,ngt,sparsex,2.large,15.59,13.20,12.37,13.94,12.34
avus,bfs,native,roadNet-CA,0.04,0.47,0.91,0.36,0.05
avus,bfs,native,kron,12.55,12.26,14.70,14.15,13.34
avus,bfs,native,in-2004,31.48,33.04,32.43,33.26,32.18
avus,bfs,native,ljournal-2008,57.09,55.15,53.34,52.71,54.35
avus,bfs,native,USA-road-d.E,78.79,79.27,79.04,78.96,77.68
avus,bfs,native,higgs-twitter,105.71,103.92,103.76,105.18,104.30
avus,bfs,native,Si5H12,134.68,134.46,132.08,133.68,133.45
avus,bfs,native,com-Youtube,163.27,163.72,162.37,164.05,162.41
avus,bfs,native,erdos,194.03,194.06,194.78,193.31,192.94
avus,bfs,native,eu-2005,226.95,227.61,227.12,225.37,226.21
avus,bfs,mkl,roadNet-CA,0.65,0.26,0.49,0.38,0.31
avus,bfs,mkl,kron,32.76,31.23,32.01,32.73,31.95
avus,bfs,mkl,in-2004,80.58,81.37,80.49,80.53,80.67
avus,bfs,mkl,ljournal-2008,134.10,134.58,135.62,135.82,136.02
avus,bfs,mkl,USA-road-d.E,197.00,196.04,198.15,195.75,196.40
avus,bfs,mkl,higgs-twitter,263.22,262.76,262.70,262.16,264.69
avus,bfs,mkl,Si5H12,333.22,333.10,332.04,335.87,334.00
avus,bfs,mkl,com-Youtube,407.83,407.53,409.02,408.25,409.52
avus,bfs,mkl,erdos,483.39,485.97,483.85,485.75,486.68
avus,bfs,mkl,eu-2005,566.41,563.73,564.73,566.71,564.77
avus,bfs,gpu,roadNet-CA,0.65,0.39,1.57,0.64,1.51
avus,bfs,gpu,kron,16.87,15.99,13.93,15.95,13.66
avus,bfs,gpu,in-2004,37.89,37.71,40.27,37.56,38.20
avus,bfs,gpu,ljournal-2008,65.37,67.11,64.64,65.57,65.53
avus,bfs,gpu,USA-road-d.E,94.15,94.83,95.18,95.52,93.54
avus,bfs,gpu,higgs-twitter,126.54,123.46,125.74,125.60,126.37
avus,bfs,gpu,Si5H12,157.82,159.20,159.24,159.69,161.95
avus,bfs,gpu,com-Youtube,196.68,196.24,196.37,195.14,196.69
avus,bfs,gpu,erdos,232.62,232.61,231.71,232.50,232.61
avus,bfs,gpu,eu-2005,271.62,270.25,272.66,272.57,270.32
avus,bfs,opencl10,roadNet-CA,0.02,0.33,0.45,0.32,1.01
avus,bfs,opencl10,kron,14.89,13.45,14.06,13.78,14.36
avus,bfs,opencl10,in-2004,35.36,34.85,34.56,34.29,35.50
avus,bfs,opencl10,ljournal-2008,58.70,59.93,62.35,59.86,59.33
avus,bfs,opencl10,USA-road-d.E,86.83,85.10,87.35,87.66,88.71
avus,bfs,opencl10,higgs-twitter,117.51,118.49,116.75,114.62,117.41
avus,bfs,opencl10,Si5H12,146.73,147.05,145.69,145.65,145.84
avus,bfs,opencl10,com-Youtube,179.21,179.20,179.30,179.48,181.16
avus,bfs,opencl10,erdos,211.90,213.51,211.57,213.27,214.47
avus,bfs,opencl10,eu-2005,247.27,249.79,248.17,247.19,249.93
avus,bfs,sparsex,roadNet-CA,1.59,0.80,0.23,0.32,1.19
avus,bfs,sparsex,kron,5.00,5.84,7.15,4.50,6.03
avus,bfs,sparsex,in-2004,12.41,11.83,13.31,14.07,11.38
avus,bfs,sparsex,ljournal-2008,21.96,20.44,21.48,22.58,20.36
avus,bfs,sparsex,USA-road-d.E,32.03,32.33,32.15,31.79,30.47
avus,bfs,sparsex,higgs-twitter,43.85,42.36,41.55,43.08,43.17
avus,bfs,sparsex,Si5H12,52.52,53.77,54.50,53.30,53.29
avus,bfs,sparsex,com-Youtube,66.81,65.00,67.25,63.50,65.46
avus,bfs,sparsex,erdos,77.00,77.43,77.85,77.63,77.64
avus,bfs,sparsex,eu-2005,88.69,89.79,89.74,91.60,90.22
avus,NPB,native,S,1.41,0.20,0.56,0.87,0.68
avus,NPB,native,W,11.32,12.00,13.21,13.44,13.06
avus,NPB,native,A,32.75,32.79,31.20,32.69,32.48
avus,NPB,native,B,52.08,53.22,53.53,54.57,54.34
avus,NPB,native,C,79.16,79.41,77.93,80.36,79.72
avus,NPB,native,D,106.58,106.38,104.59,106.61,105.58
avus,NPB,mkl,S,0.97,0.79,1.33,0.42,0.03
avus,NPB,mkl,W,32.82,31.81,33.47,33.76,32.93
avus,NPB,mkl,A,81.20,76.69,80.78,80.48,78.98
avus,NPB,mkl,B,137.32,135.76,133.45,136.80,136.42
avus,NPB,mkl,C,195.53,197.23,196.85,199.17,197.52
avus,NPB,mkl,D,263.45,263.03,264.75,263.05,264.65
avus,NPB,gpu,S,1.81,0.29,0.48,0.54,0.21
avus,NPB,gpu,W,15.96,16.93,15.40,15.78,14.19
avus,NPB,gpu,A,37.95,38.16,37.98,37.57,38.88
avus,NPB,gpu,B,64.17,65.87,66.62,65.22,65.61
avus,NPB,gpu,C,94.21,95.42,94.48,94.29,94.22
avus,NPB,gpu,D,126.44,125.85,125.33,126.80,127.66
avus,NPB,opencl10,S,0.05,1.62,1.55,0.25,0.06
avus,NPB,opencl10,W,14.52,13.57,15.67,13.76,14.04
avus,NPB,opencl10,A,34.02,34.05,35.75,34.09,37.77
avus,NPB,opencl10,B,59.27,57.66,60.95,59.15,58.51
avus,NPB,opencl10,C,85.82,86.37,86.12,85.67,86.27
avus,NPB,opencl10,D,115.53,118.79,115.04,115.82,117.42
avus,NPB,sparsex,S,0.60,0.89,0.12,0.91,0.50
avus,NPB,sparsex,W,5.03,4.63,5.10,5.55,5.16
avus,NPB,sparsex,A,12.47,10.87,14.21,13.80,15.88
avus,NPB,sparsex,B,22.18,22.30,21.14,22.06,21.03
avus,NPB,sparsex,C,31.36,30.96,31.24,33.03,28.96
avus,NPB,sparsex,D,42.40,42.31,39.72,41.85,41.88
avus,PageRank,native,roadNet-CA,0.01,0.45,0.73,0.53,1.02
avus,PageRank,native,kron,12.79,13.13,12.59,13.90,12.44
avus,PageRank,native,in-2004,32.50,33.88,33.31,31.19,31.56
avus,PageRank,native,ljournal-2008,53.52,53.09,52.83,53.78,54.88
avus,PageRank,native,USA-road-d.E,77.32,77.40,76.31,77.77,78.92
avus,PageRank,native,higgs-twitter,103.54,105.58,105.18,103.97,105.52
avus,PageRank,native,Si5H12,135.32,133.32,135.44,133.70,132.67
avus,PageRank,native,com-Youtube,161.39,163.27,164.28,162.36,163.35
avus,PageRank,native,erdos,194.86,194.74,195.11,194.01,193.66
avus,PageRank,native,eu-2005,225.86,225.61,226.91,225.83,224.48
avus,PageRank,mkl,roadNet-CA,0.32,1.32,0.60,1.46,0.06
avus,PageRank,mkl,kron,32.67,32.10,32.89,30.27,31.46
avus,PageRank,mkl,in-2004,81.89,80.06,79.39,78.74,78.60
avus,PageRank,mkl,ljournal-2008,136.73,133.83,137.52,135.88,135.64
avus,PageRank,mkl,USA-road-d.E,194.15,196.38,198.44,195.47,195.98
avus,PageRank,mkl,higgs-twitter,261.02,263.21,264.24,263.03,264.74
avus,PageRank,mkl,Si5H12,334.28,333.56,332.87,333.78,332.91
avus,PageRank,mkl,com-Youtube,409.21,405.24,408.29,407.82,406.70
avus,PageRank,mkl,erdos,483.81,485.46,483.16,483.88,484.67
avus,PageRank,mkl,eu-2005,566.30,566.51,566.26,565.30,565.52
avus,PageRank,gpu,roadNet-CA,1.33,0.92,0.66,0.22,0.84
avus,PageRank,gpu,kron,14.55,15.43,16.52,13.85,17.01
avus,PageRank,gpu,in-2004,41.67,38.92,37.73,40.01,38.62
avus,PageRank,gpu,ljournal-2008,63.36,65.24,65.48,64.82,66.70
avus,PageRank,gpu,USA-road-d.E,95.16,94.12,94.85,95.71,95.31
avus,PageRank,gpu,higgs-twitter,125.79,126.52,127.54,125.21,125.22
avus,PageRank,gpu,Si5H12,159.53,160.12,160.48,161.31,159.47
avus,PageRank,gpu,com-Youtube,193.73,196.36,196.29,194.33,196.10
avus,PageRank,gpu,erdos,233.68,234.04,233.08,232.18,231.81
avus,PageRank,gpu,eu-2005,272.96,272.34,271.90,271.02,270.56
avus,PageRank,opencl10,roadNet-CA,1.62,0.11,0.55,0.66,0.47
avus,PageRank,opencl10,kron,15.45,16.06,13.17,14.30,13.00
avus,PageRank,opencl10,in-2004,35.19,34.59,35.71,36.13,34.25
avus,PageRank,opencl10,ljournal-2008,58.20,60.26,59.65,57.06,59.25
avus,PageRank,opencl10,USA-road-d.E,86.35,88.11,87.16,86.32,87.48
avus,PageRank,opencl10,higgs-twitter,116.34,115.28,117.82,116.43,114.90
avus,PageRank,opencl10,Si5H12,146.60,144.23,148.73,145.12,147.39
avus,PageRank,opencl10,com-Youtube,178.71,179.45,179.67,179.03,177.78
avus,PageRank,opencl10,erdos,212.97,211.98,215.40,214.38,211.72
avus,PageRank,opencl10,eu-2005,248.22,248.85,248.63,248.75,248.09
avus,PageRank,sparsex,roadNet-CA,1.29,1.32,0.59,2.19,0.22
avus,PageRank,sparsex,kron,4.74,5.00,7.01,4.65,4.89
avus,PageRank,sparsex,in-2004,14.21,12.76,11.45,12.25,11.25
avus,PageRank,sparsex,ljournal-2008,21.59,22.65,20.51,23.91,23.97
avus,PageRank,sparsex,USA-road-d.E,32.79,30.63,29.97,31.07,34.15
avus,PageRank,sparsex,higgs-twitter,42.11,42.67,42.16,41.90,43.21
avus,PageRank,sparsex,Si5H12,53.18,53.46,54.67,54.18,53.07
avus,PageRank,sparsex,com-Youtube,63.96,65.67,65.53,65.01,66.19
avus,PageRank,sparsex,erdos,78.49,76.80,76.88,76.60,79.08
avus,PageRank,sparsex,eu-2005,92.03,88.56,90.65,91.43,89.98
avus,parboil-spmv,native,small,0.45,1.72,0.17,0.41,0.31
avus,parboil-spmv,native,medium,13.62,13.13,13.47,10.93,13.23
avus,parboil-spmv,native,large,33.24,30.97,32.64,32.26,32.16
avus,parboil-spmv,mkl,small,0.63,0.22,0.96,0.47,0.83
avus,parboil-spmv,mkl,medium,31.49,33.14,33.14,33.07,32.31
avus,parboil-spmv,mkl,large,79.42,80.09,80.89,79.24,80.65
avus,parboil-spmv,gpu,small,1.22,0.71,1.12,2.01,0.01
avus,parboil-spmv,gpu,medium,15.96,15.81,17.13,14.42,16.92
avus,parboil-spmv,gpu,large,38.36,38.28,39.45,38.10,39.43
avus,parboil-spmv,opencl10,small,1.17,0.35,1.22,1.37,1.20
avus,parboil-spmv,opencl10,medium,12.56,15.74,14.67,14.42,14.02
avus,parboil-spmv,opencl10,large,36.29,34.16,35.18,33.53,35.22
avus,parboil-spmv,sparsex,small,0.55,0.17,0.55,0.34,1.73
avus,parboil-spmv,sparsex,medium,6.03,3.78,5.51,4.93,5.76
avus,parboil-spmv,sparsex,large,12.93,13.41,12.79,11.84,12.24
avus,Netlib-C,native,40,1.16,0.16,0.09,2.07,0.58
avus,Netlib-C,native,60,14.27,11.60,13.48,12.63,13.50
avus,Netlib-C,native,80,32.28,31.71,31.70,33.31,31.76
avus,Netlib-C,native,100,55.15,54.94,54.32,54.85,53.45
avus,Netlib-C,native,120,78.66,80.03,78.52,78.62,80.38
avus,Netlib-C,native,140,105.12,105.45,106.20,104.30,103.95
avus,Netlib-C,native,160,132.48,134.45,133.41,133.52,131.17
avus,Netlib-C,mkl,40,0.94,0.99,0.27,1.17,0.89
avus,Netlib-C,mkl,60,33.80,33.28,31.76,32.10,33.06
avus,Netlib-C,mkl,80,79.10,80.85,80.27,79.88,78.92
avus,Netlib-C,mkl,100,136.04,135.73,134.54,137.79,134.82
avus,Netlib-C,mkl,120,197.73,195.59,198.30,197.26,197.18
avus,Netlib-C,mkl,140,261.75,264.03,261.71,263.17,263.81
avus,Netlib-C,mkl,160,335.06,332.91,333.42,333.14,336.66
avus,Netlib-C,gpu,40,1.29,0.37,0.94,0.23,0.78
avus,Netlib-C,gpu,60,15.18,15.73,15.44,16.69,15.26
avus,Netlib-C,gpu,80,37.91,37.61,39.33,38.99,38.68
avus,Netlib-C,gpu,100,64.25,65.07,65.16,64.08,64.67
avus,Netlib-C,gpu,120,93.55,94.72,94.51,93.86,94.06
avus,Netlib-C,gpu,140,125.31,125.67,126.01,127.97,123.61
avus,Netlib-C,gpu,160,160.37,159.76,157.50,159.66,159.43
avus,Netlib-C,opencl10,40,0.83,1.08,0.01,0.38,0.43
avus,Netlib-C,opencl10,60,13.83,14.29,15.23,14.12,14.63
avus,Netlib-C,opencl10,80,34.83,34.06,35.45,34.36,35.89
avus,Netlib-C,opencl10,100,58.54,60.72,60.03,57.07,59.35
avus,Netlib-C,opencl10,120,85.98,85.93,85.90,87.56,87.88
avus,Netlib-C,opencl10,140,115.93,116.31,115.20,115.14,116.68
avus,Netlib-C,opencl10,160,146.52,146.54,145.40,146.86,146.70
avus,Netlib-C,sparsex,40,0.23,0.13,1.36,1.46,0.03
avus,Netlib-C,sparsex,60,3.92,3.33,6.76,4.15,4.54
avus,Netlib-C,sparsex,80,13.97,11.64,12.80,13.35,11.05
avus,Netlib-C,sparsex,100,21.38,20.91,20.60,21.40,21.70
avus,Netlib-C,sparsex,120,31.91,30.86,31.60,31.60,31.06
avus,Netlib-C,sparsex,140,42.56,41.96,42.70,41.91,43.07
avus,Netlib-C,sparsex,160,51.90,52.97,53.48,53.58,54.52
avus,Netlib-F,native,40,1.09,2.00,1.79,0.41,0.61
avus,Netlib-F,native,60,13.66,12.89,12.90,14.10,11.36
avus,Netlib-F,native,80,29.66,32.87,31.65,32.38,31.30
avus,Netlib-F,native,100,54.35,54.91,53.67,55.82,55.46
avus,Netlib-F,native,120,78.94,79.53,79.14,78.69,79.42
avus,Netlib-F,native,140,104.49,104.90,105.41,105.15,104.65
avus,Netlib-F,native,160,133.42,133.78,134.60,132.59,133.49
avus,Netlib-F,mkl,40,1.20,1.08,0.20,1.07,0.13
avus,Netlib-F,mkl,60,32.35,33.37,31.97,32.84,34.00
avus,Netlib-F,mkl,80,80.38,79.60,79.68,79.35,79.89
avus,Netlib-F,mkl,100,134.66,136.98,135.99,135.22,136.02
avus,Netlib-F,mkl,120,197.36,197.04,199.48,196.41,196.70
avus,Netlib-F,mkl,140,262.17,264.55,262.98,262.29,263.45
avus,Netlib-F,mkl,160,334.34,334.07,333.10,332.56,335.05
avus,Netlib-F,gpu,40,1.26,0.02,0.56,0.97,0.56
avus,Netlib-F,gpu,60,16.20,15.83,15.09,15.37,14.98
avus,Netlib-F,gpu,80,40.06,39.36,36.58,39.86,37.97
avus,Netlib-F,gpu,100,65.54,66.12,65.13,64.32,64.63
avus,Netlib-F,gpu,120,96.26,95.56,95.27,94.23,94.49
avus,Netlib-F,gpu,140,126.99,126.11,126.32,129.05,127.63
avus,Netlib-F,gpu,160,162.58,159.98,161.66,160.21,160.84
avus,Netlib-F,opencl10,40,0.46,0.11,0.10,0.61,0.26
avus,Netlib-F,opencl10,60,13.96,14.43,12.64,12.87,13.99
avus,Netlib-F,opencl10,80,36.29,34.30,34.82,35.36,34.67
avus,Netlib-F,opencl10,100,61.30,59.48,59.35,60.54,61.50
avus,Netlib-F,opencl10,120,87.21,86.50,87.98,86.39,86.15
avus,Netlib-F,opencl10,140,115.40,115.03,115.87,116.62,117.45
avus,Netlib-F,opencl10,160,146.61,146.18,147.38,146.98,146.75
avus,Netlib-F,sparsex,40,1.18,0.49,2.17,0.49,1.09
avus,Netlib-F,sparsex,60,4.15,5.13,3.90,6.22,5.95
avus,Netlib-F,sparsex,80,13.49,12.35,13.45,16.24,12.88
avus,Netlib-F,sparsex,100,20.15,22.14,23.01,19.76,22.16
avus,Netlib-F,sparsex,120,32.32,32.35,32.02,31.68,31.77
avus,Netlib-F,sparsex,140,42.25,44.21,42.35,43.56,41.43
avus,Netlib-F,sparsex,160,53.90,54.78,53.38,53.43,52.90
avus,pfold,native,0.small,0.20,0.10,0.55,0.17,1.45
avus,pfold,native,1.small,11.41,12.27,12.92,12.60,12.95
avus,pfold,native,2.small,33.75,31.87,32.62,32.34,30.09
avus,pfold,native,0.large,53.76,52.73,55.80,53.12,55.07
avus,pfold,native,1.large,79.39,79.46,78.79,78.68,79.18
avus,pfold,native,2.large,106.25,105.58,105.42,105.74,106.07
avus,pfold,mkl,0.small,0.48,0.66,2.31,0.49,0.76
avus,pfold,mkl,1.small,32.80,32.55,33.11,32.55,31.79
avus,pfold,mkl,2.small,79.94,78.64,79.48,80.52,78.19
avus,pfold,mkl,0.large,135.02,135.20,134.78,134.55,136.18
avus,pfold,mkl,1.large,198.96,197.08,198.19,195.96,195.85
avus,pfold,mkl,2.large,264.28,264.51,263.66,264.51,263.46
avus,pfold,gpu,0.small,0.30,0.99,0.86,0.37,1.06
avus,pfold,gpu,1.small,16.54,16.23,15.98,13.97,15.60
avus,pfold,gpu,2.small,37.76,36.58,38.88,37.74,38.46
avus,pfold,gpu,0.large,66.13,63.64,66.42,64.49,63.68
avus,pfold,gpu,1.large,95.29,96.47,93.36,95.31,94.23
avus,pfold,gpu,2.large,126.58,124.89,127.42,126.25,127.30
avus,pfold,opencl10,0.small,0.55,0.76,0.64,0.00,1.32
avus,pfold,opencl10,1.small,14.88,13.08,16.71,13.99,16.13
avus,pfold,opencl10,2.small,35.17,34.21,35.61,35.98,36.04
avus,pfold,opencl10,0.large,59.18,60.42,59.05,59.31,60.43
avus,pfold,opencl10,1.large,84.44,86.93,86.17,86.07,86.62
avus,pfold,opencl10,2.large,117.17,115.48,115.68,115.18,113.52
avus,pfold,sparsex,0.small,1.76,1.06,0.09,0.43,1.92
avus,pfold,sparsex,1.small,4.60,3.75,6.19,6.02,5.45
avus,pfold,sparsex,2.small,13.01,13.08,10.83,11.98,13.39
avus,pfold,sparsex,0.large,20.33,22.07,21.66,22.50,21.19
avus,pfold,sparsex,1.large,31.96,31.30,30.22,30.74,33.28
avus,pfold,sparsex,2.large,40.95,41.26,40.25,42.88,40.34
avus,ngt,native,0.small,0.08,0.62,0.64,1.67,0.04
avus,ngt,native,1.small,11.08,13.97,12.24,12.96,13.63
avus,ngt,native,2.small,33.44,34.90,32.36,31.95,31.09
avus,ngt,native,0.large,54.98,54.03,53.20,54.15,53.72
avus,ngt,native,1.large,78.82,79.89,77.97,79.38,78.67
avus,ngt,native,2.large,106.24,105.13,105.01,106.11,106.50
avus,ngt,mkl,0.small,0.64,1.09,1.07,0.86,1.32
avus,ngt,mkl,1.small,33.67,34.10,32.53,31.27,33.86
avus,ngt,mkl,2.small,80.70,80.44,79.66,80.40,81.82
avus,ngt,mkl,0.large,135.52,136.89,134.65,135.39,135.59
avus,ngt,mkl,1.large,197.07,197.73,199.43,195.66,197.73
avus,ngt,mkl,2.large,262.57,263.65,264.49,265.74,263.28
avus,ngt,gpu,0.small,1.12,0.68,1.58,1.04,0.44
avus,ngt,gpu,1.small,14.78,13.83,16.47,15.33,15.89
avus,ngt,gpu,2.small,37.85,37.41,40.74,39.22,39.18
avus,ngt,gpu,0.large,64.27,65.16,65.12,65.54,66.84
avus,ngt,gpu,1.large,95.86,96.12,94.08,94.59,95.10
avus,ngt,gpu,2.large,129.02,126.83,126.65,126.79,128.39
avus,ngt,opencl10,0.small,0.42,1.79,0.35,0.35,0.92
avus,ngt,opencl10,1.small,14.47,14.16,14.07,13.05,12.56
avus,ngt,opencl10,2.small,34.99,34.61,36.13,36.13,36.64
avus,ngt,opencl10,0.large,59.11,60.85,59.71,59.39,61.21
avus,ngt,opencl10,1.large,87.67,86.86,87.29,88.13,88.06
avus,ngt,opencl10,2.large,116.57,114.72,115.71,115.46,117.07
avus,ngt,sparsex,0.small,1.11,1.97,0.79,0.56,0.07
avus,ngt,sparsex,1.small,4.96,7.79,4.37,6.89,5.84
avus,ngt,sparsex,2.small,12.20,12.47,12.31,12.82,10.89
avus,ngt,sparsex,0.large,21.48,20.73,21.18,21.58,21.96
avus,ngt,sparsex,1.large,30.71,30.37,31.38,31.12,31.90
avus,ngt,sparsex,2.large,42.87,42.28,44.16,44.58,42.58
bob,bfs,native,roadNet-CA,1.72,1.70,2.04,0.89,0.77
bob,bfs,native,kron,5.18,6.33,5.56,5.95,5.65
bob,bfs,native,in-2004,14.86,14.61,15.32,17.13,15.97
bob,bfs,native,ljournal-2008,26.14,26.44,26.06,25.05,25.39
bob,bfs,native,USA-road-d.E,35.73,37.17,36.52,34.72,37.44
bob,bfs,native,higgs-twitter,48.74,46.81,49.59,49.06,48.81
bob,bfs,native,Si5H12,59.93,61.00,61.85,61.35,60.47
bob,bfs,native,com-Youtube,76.16,76.22,74.70,76.95,76.00
bob,bfs,native,erdos,89.37,90.59,88.37,88.15,90.20
bob,bfs,native,eu-2005,103.65,103.19,105.08,105.47,105.47
bob,bfs,opencl00,roadNet-CA,1.86,0.79,0.73,1.41,2.27
bob,bfs,opencl00,kron,6.88,5.16,4.55,5.56,3.65
bob,bfs,opencl00,in-2004,12.07,11.49,11.85,12.60,11.71
bob,bfs,opencl00,ljournal-2008,20.55,19.85,21.26,19.98,17.67
bob,bfs,opencl00,USA-road-d.E,30.39,28.02,28.73,27.58,29.00
bob,bfs,opencl00,higgs-twitter,40.18,38.87,39.29,39.41,38.99
bob,bfs,opencl00,Si5H12,49.14,48.71,50.53,50.21,50.73
bob,bfs,opencl00,com-Youtube,58.45,61.24,60.20,60.39,61.12
bob,bfs,opencl00,erdos,71.55,71.43,72.23,72.08,71.68
bob,bfs,opencl00,eu-2005,83.46,82.56,82.94,83.65,83.43
bob,bfs,sparsex,roadNet-CA,0.44,2.12,0.27,1.19,1.00
bob,bfs,sparsex,kron,2.13,0.32,3.27,1.89,0.87
bob,bfs,sparsex,in-2004,6.74,6.27,6.64,6.41,6.68
bob,bfs,sparsex,ljournal-2008,10.29,9.47,11.92,11.80,8.89
bob,bfs,sparsex,USA-road-d.E,14.67,15.59,14.55,14.39,16.11
bob,bfs,sparsex,higgs-twitter,19.24,18.47,18.03,19.43,20.45
bob,bfs,sparsex,Si5H12,25.67,25.43,26.44,26.57,23.81
bob,bfs,sparsex,com-Youtube,29.16,30.78,29.26,28.83,31.77
bob,bfs,sparsex,erdos,34.73,35.64,35.50,34.29,36.00
bob,bfs,sparsex,eu-2005,41.70,42.94,42.60,41.61,42.27
bob,NPB,native,S,1.67,0.78,0.37,0.08,1.31
bob,NPB,native,W,6.53,6.62,7.13,7.23,3.71
bob,NPB,native,A,14.06,14.22,15.40,14.52,14.21
bob,NPB,native,B,24.91,24.25,24.49,24.97,25.07
bob,NPB,native,C,36.54,35.90,37.55,38.16,37.30
bob,NPB,native,D,48.92,49.57,48.94,47.52,49.20
bob,NPB,opencl00,S,0.54,0.01,0.92,0.77,2.43
bob,NPB,opencl00,W,5.56,4.81,4.49,4.93,3.24
bob,NPB,opencl00,A,10.66,11.54,11.59,12.73,11.04
bob,NPB,opencl00,B,20.40,20.48,19.22,18.31,18.75
bob,NPB,opencl00,C,30.78,28.59,28.04,29.08,28.43
bob,NPB,opencl00,D,38.03,38.76,38.14,39.90,38.03
bob,NPB,sparsex,S,1.51,0.39,0.25,0.19,0.34
bob,NPB,sparsex,W,1.75,1.86,3.39,1.40,2.72
bob,NPB,sparsex,A,6.84,6.05,6.28,6.59,6.54
bob,NPB,sparsex,B,9.60,9.72,9.70,10.60,9.98
bob,NPB,sparsex,C,12.40,12.96,13.11,14.41,16.18
bob,NPB,sparsex,D,21.57,20.43,20.31,20.40,18.90
bob,PageRank,native,roadNet-CA,0.22,0.42,0.20,0.91,0.33
bob,PageRank,native,kron,3.67,6.61,4.26,6.07,4.46
bob,PageRank,native,in-2004,15.96,15.18,15.41,15.47,12.72
bob,PageRank,native,ljournal-2008,24.24,25.37,25.03,26.03,25.14
bob,PageRank,native,USA-road-d.E,36.28,36.17,35.80,36.89,36.67
bob,PageRank,native,higgs-twitter,49.66,47.15,48.94,48.17,49.65
bob,PageRank,native,Si5H12,61.31,60.88,61.34,61.65,61.92
bob,PageRank,native,com-Youtube,75.19,74.01,75.62,75.08,74.60
bob,PageRank,native,erdos,87.46,89.05,89.39,89.63,90.37
bob,PageRank,native,eu-2005,104.29,102.77,104.91,104.36,104.77
bob,PageRank,opencl00,roadNet-CA,0.54,0.50,1.27,0.85,0.78
bob,PageRank,opencl00,kron,6.32,5.67,5.18,5.50,4.69
bob,PageRank,opencl00,in-2004,12.03,12.32,12.91,13.54,12.26
bob,PageRank,opencl00,ljournal-2008,20.79,19.99,19.46,20.44,19.81
bob,PageRank,opencl00,USA-road-d.E,28.40,29.35,27.89,29.05,29.58
bob,PageRank,opencl00,higgs-twitter,39.08,38.61,38.42,39.76,37.28
bob,PageRank,opencl00,Si5H12,48.66,48.55,49.28,50.42,48.64
bob,PageRank,opencl00,com-Youtube,58.68,60.55,60.24,58.71,61.57
bob,PageRank,opencl00,erdos,73.50,72.56,72.31,69.54,71.47
bob,PageRank,opencl00,eu-2005,84.13,83.59,82.61,82.26,84.52
bob,PageRank,sparsex,roadNet-CA,0.98,0.06,1.93,1.68,0.79
bob,PageRank,sparsex,kron,2.03,3.63,2.74,2.08,2.28
bob,PageRank,sparsex,in-2004,5.63,6.62,5.62,5.79,5.97
bob,PageRank,sparsex,ljournal-2008,8.10,9.87,8.50,9.23,10.55
bob,PageRank,sparsex,USA-road-d.E,15.35,13.65,14.10,13.85,14.57
bob,PageRank,sparsex,higgs-twitter,19.37,20.66,19.33,20.20,21.16
bob,PageRank,sparsex,Si5H12,24.61,24.19,25.18,24.73,24.04
bob,PageRank,sparsex,com-Youtube,30.01,30.72,30.15,30.94,30.79
bob,PageRank,sparsex,erdos,36.98,36.06,36.46,36.52,34.81
bob,PageRank,sparsex,eu-2005,41.13,43.11,40.15,43.41,41.83
bob,parboil-spmv,native,small,0.02,0.75,0.13,1.11,0.44
bob,parboil-spmv,native,medium,5.97,4.80,6.43,5.48,5.83
bob,parboil-spmv,native,large,14.33,14.15,14.54,13.88,13.37
bob,parboil-spmv,opencl00,small,1.90,0.34,0.12,0.56,0.67
bob,parboil-spmv,opencl00,medium,5.06,5.05,6.58,4.04,5.09
bob,parboil-spmv,opencl00,large,12.45,11.82,13.04,10.86,11.43
bob,parboil-spmv,sparsex,small,0.47,0.50,1.60,0.04,0.38
bob,parboil-spmv,sparsex,medium,3.06,2.97,1.88,2.95,2.44
bob,parboil-spmv,sparsex,large,5.45,4.13,4.68,5.97,6.55
bob,Netlib-C,native,40,0.37,0.81,1.52,0.56,0.32
bob,Netlib-C,native,60,3.91,7.35,5.51,5.21,5.09
bob,Netlib-C,native,80,15.64,16.84,15.50,14.38,14.18
bob,Netlib-C,native,100,24.82,23.99,25.74,25.54,25.97
bob,Netlib-C,native,120,36.82,36.55,36.73,38.02,37.30
bob,Netlib-C,native,140,49.52,49.25,48.89,48.45,48.20
bob,Netlib-C,native,160,61.30,61.80,63.85,60.93,60.40
bob,Netlib-C,opencl00,40,0.69,0.27,0.77,0.99,0.37
bob,Netlib-C,opencl00,60,4.99,4.07,4.27,5.42,5.09
bob,Netlib-C,opencl00,80,11.58,11.52,11.05,11.43,12.03
bob,Netlib-C,opencl00,100,19.86,19.80,18.94,19.97,19.04
bob,Netlib-C,opencl00,120,29.69,29.41,29.55,30.06,28.33
bob,Netlib-C,opencl00,140,39.73,37.80,37.81,38.35,38.55
bob,Netlib-C,opencl00,160,49.15,50.41,48.10,50.57,48.79
bob,Netlib-C,sparsex,40,0.92,0.45,0.23,1.53,0.84
bob,Netlib-C,sparsex,60,1.19,3.03,3.08,1.69,3.69
bob,Netlib-C,sparsex,80,7.31,6.93,5.37,6.00,6.34
bob,Netlib-C,sparsex,100,10.92,11.18,9.22,7.35,9.83
bob,Netlib-C,sparsex,120,16.30,15.85,15.04,14.46,15.32
bob,Netlib-C,sparsex,140,20.44,20.18,20.38,17.55,19.05
bob,Netlib-C,sparsex,160,25.56,23.54,21.86,25.79,24.98
bob,Netlib-F,native,40,0.42,1.62,1.66,0.40,0.36
bob,Netlib-F,native,60,5.96,6.63,6.63,7.27,4.44
bob,Netlib-F,native,80,13.28,15.23,14.69,13.02,13.27
bob,Netlib-F,native,100,27.00,23.71,24.80,26.55,25.32
bob,Netlib-F,native,120,35.91,37.09,35.84,36.40,37.42
bob,Netlib-F,native,140,45.83,49.84,48.64,47.52,47.76
bob,Netlib-F,native,160,61.24,62.85,62.18,62.49,60.41
bob,Netlib-F,opencl00,40,2.49,0.62,0.11,0.15,0.72
bob,Netlib-F,opencl00,60,3.97,4.67,5.31,3.94,4.16
bob,Netlib-F,opencl00,80,12.59,13.47,12.76,9.40,12.71
bob,Netlib-F,opencl00,100,21.77,21.30,20.21,19.44,19.40
bob,Netlib-F,opencl00,120,28.53,28.44,28.02,28.80,29.19
bob,Netlib-F,opencl00,140,38.89,40.60,36.26,38.11,39.60
bob,Netlib-F,opencl00,160,49.17,47.62,49.01,50.65,49.65
bob,Netlib-F,sparsex,40,0.90,0.10,0.34,0.40,1.21
bob,Netlib-F,sparsex,60,2.94,2.34,1.90,3.29,0.62
bob,Netlib-F,sparsex,80,6.69,5.75,6.86,6.54,6.63
bob,Netlib-F,sparsex,100,10.50,10.33,10.24,8.27,8.71
bob,Netlib-F,sparsex,120,14.07,13.67,14.05,13.01,15.69
bob,Netlib-F,sparsex,140,19.91,20.60,18.65,18.30,20.98
bob,Netlib-F,sparsex,160,24.78,24.90,26.01,24.59,24.22
bob,pfold,native,0.small,0.25,0.20,1.65,0.02,0.98
bob,pfold,native,1.small,7.50,8.28,4.57,6.82,5.12
bob,pfold,native,2.small,15.42,13.26,13.04,15.37,16.44
bob,pfold,native,0.large,26.17,24.92,24.00,24.26,22.68
bob,pfold,native,1.large,35.06,35.85,36.33,35.58,37.46
bob,pfold,native,2.large,49.51,46.95,46.59,47.54,49.25
bob,pfold,opencl00,0.small,0.39,0.39,0.20,0.75,0.46
bob,pfold,opencl00,1.small,3.74,4.50,5.72,5.20,5.23
bob,pfold,opencl00,2.small,13.23,12.62,12.21,14.43,11.79
bob,pfold,opencl00,0.large,19.16,19.00,20.25,19.60,19.58
bob,pfold,opencl00,1.large,27.97,28.85,30.32,29.89,28.77
bob,pfold,opencl00,2.large,38.66,38.91,36.86,39.19,37.76
bob,pfold,sparsex,0.small,0.55,0.50,0.98,0.41,0.25
bob,pfold,sparsex,1.small,4.43,1.12,2.08,5.10,3.26
bob,pfold,sparsex,2.small,5.99,4.50,5.13,4.98,6.13
bob,pfold,sparsex,0.large,10.54,7.85,9.64,10.20,11.28
bob,pfold,sparsex,1.large,14.26,15.43,12.62,15.54,14.34
bob,pfold,sparsex,2.large,20.66,19.68,20.44,17.21,18.80
bob,ngt,native,0.small,0.08,1.19,0.48,0.52,0.51
bob,ngt,native,1.small,5.68,4.06,6.41,5.82,6.79
bob,ngt,native,2.small,14.55,15.48,13.93,15.10,16.54
bob,ngt,native,0.large,25.05,23.71,24.50,26.43,24.91
bob,ngt,native,1.large,37.52,37.54,37.36,37.57,35.71
bob,ngt,native,2.large,49.15,48.40,48.73,48.32,47.15
bob,ngt,opencl00,0.small,0.40,0.55,2.24,1.79,0.38
bob,ngt,opencl00,1.small,3.66,3.85,4.82,4.81,3.31
bob,ngt,opencl00,2.small,12.70,10.99,12.90,12.18,11.76
bob,ngt,opencl00,0.large,19.50,20.72,20.38,18.52,18.05
bob,ngt,opencl00,1.large,29.75,31.27,28.50,28.75,29.82
bob,ngt,opencl00,2.large,37.95,39.05,38.19,37.54,38.98
bob,ngt,sparsex,0.small,2.05,1.73,0.37,2.26,1.04
bob,ngt,sparsex,1.small,3.21,3.13,2.06,0.09,3.12
bob,ngt,sparsex,2.small,5.04,5.52,7.30,8.05,6.07
bob,ngt,sparsex,0.large,10.94,9.76,11.45,9.77,10.34
bob,ngt,sparsex,1.large,12.74,16.65,15.10,15.51,16.32
bob,ngt,sparsex,2.large,19.78,19.00,20.52,20.25,18.19
spa,bfs,native,roadNet-CA,1.76,0.41,1.15,1.14,0.02
spa,bfs,native,kron,12.63,14.57,14.37,13.46,14.51
spa,bfs,native,in-2004,33.28,34.88,34.33,34.30,34.18
spa,bfs,native,ljournal-2008,57.11,58.13,59.54,58.27,56.88
spa,bfs,native,USA-road-d.E,85.35,84.03,84.25,86.00,84.60
spa,bfs,native,higgs-twitter,112.83,111.27,112.65,113.67,114.61
spa,bfs,native,Si5H12,142.78,141.86,146.06,144.65,143.87
spa,bfs,native,com-Youtube,176.27,176.80,177.53,177.52,174.74
spa,bfs,native,erdos,208.75,208.52,209.42,207.83,208.00
spa,bfs,native,eu-2005,242.69,243.70,243.87,243.93,244.28
spa,bfs,mkl,roadNet-CA,0.53,0.29,0.19,0.96,1.49
spa,bfs,mkl,kron,34.97,35.96,33.50,35.65,36.91
spa,bfs,mkl,in-2004,84.87,85.13,87.07,86.62,85.68
spa,bfs,mkl,ljournal-2008,147.16,146.33,145.91,145.33,145.62
spa,bfs,mkl,USA-road-d.E,212.75,211.38,212.11,212.64,211.70
spa,bfs,mkl,higgs-twitter,283.09,283.77,284.84,283.01,286.07
spa,bfs,mkl,Si5H12,360.59,358.07,359.33,360.33,358.12
spa,bfs,mkl,com-Youtube,438.88,439.83,439.49,437.52,438.87
spa,bfs,mkl,erdos,521.40,522.84,520.98,522.55,523.43
spa,bfs,mkl,eu-2005,607.63,608.28,610.02,609.49,608.69
spa,bfs,gpu,roadNet-CA,0.23,0.22,0.79,1.28,0.01
spa,bfs,gpu,kron,15.97,16.99,15.19,16.55,15.53
spa,bfs,gpu,in-2004,43.46,40.93,41.98,41.15,40.07
spa,bfs,gpu,ljournal-2008,71.19,69.60,69.70,69.78,70.63
spa,bfs,gpu,USA-road-d.E,101.32,101.88,103.32,102.34,102.32
spa,bfs,gpu,higgs-twitter,135.59,135.01,136.66,136.35,137.12
spa,bfs,gpu,Si5H12,171.52,172.20,173.00,173.87,171.17
spa,bfs,gpu,com-Youtube,210.60,210.17,207.73,210.99,211.08
spa,bfs,gpu,erdos,250.52,251.65,250.47,250.72,251.61
spa,bfs,gpu,eu-2005,292.81,292.70,292.08,292.35,294.22
spa,bfs,opencl00,roadNet-CA,0.07,0.63,0.06,0.57,0.13
spa,bfs,opencl00,kron,12.72,10.15,10.52,9.07,11.58
spa,bfs,opencl00,in-2004,25.59,26.40,28.70,27.02,28.57
spa,bfs,opencl00,ljournal-2008,45.08,47.37,47.74,48.04,46.15
spa,bfs,opencl00,USA-road-d.E,69.04,70.65,68.36,68.08,69.48
spa,bfs,opencl00,higgs-twitter,90.00,91.12,92.90,90.94,91.12
spa,bfs,opencl00,Si5H12,115.69,115.81,115.95,114.09,115.94
spa,bfs,opencl00,com-Youtube,140.59,138.39,140.64,140.19,140.94
spa,bfs,opencl00,erdos,166.98,168.85,168.50,167.66,168.03
spa,bfs,opencl00,eu-2005,195.38,195.06,194.31,195.40,194.54
spa,bfs,sparsex,roadNet-CA,0.47,2.51,0.30,0.54,0.08
spa,bfs,sparsex,kron,5.01,4.97,4.10,6.68,4.66
spa,bfs,sparsex,in-2004,14.68,15.57,13.94,13.26,12.01
spa,bfs,sparsex,ljournal-2008,22.19,23.98,23.65,21.85,23.67
spa,bfs,sparsex,USA-road-d.E,32.64,34.85,33.96,33.49,32.91
spa,bfs,sparsex,higgs-twitter,45.50,44.07,45.30,44.10,43.27
spa,bfs,sparsex,Si5H12,58.51,57.22,57.05,57.17,57.09
spa,bfs,sparsex,com-Youtube,70.91,71.43,69.84,68.54,69.19
spa,bfs,sparsex,erdos,82.86,85.24,84.32,82.99,83.27
spa,bfs,sparsex,eu-2005,97.38,97.87,95.97,98.48,98.98
spa,NPB,native,S,0.61,1.35,0.26,0.21,0.57
spa,NPB,native,W,13.38,14.10,15.32,13.85,15.42
spa,NPB,native,A,33.09,33.75,33.00,35.29,35.07
spa,NPB,native,B,57.47,56.63,57.92,57.48,59.93
spa,NPB,native,C,85.18,82.14,83.88,85.42,84.85
spa,NPB,native,D,112.68,114.14,113.29,113.84,112.83
spa,NPB,mkl,S,1.65,1.71,1.11,0.20,0.78
spa,NPB,mkl,W,35.83,34.86,35.80,36.30,36.42
spa,NPB,mkl,A,85.78,85.70,85.86,87.18,86.69
spa,NPB,mkl,B,145.79,147.38,146.18,145.67,145.86
spa,NPB,mkl,C,212.63,212.56,212.84,211.76,212.31
spa,NPB,mkl,D,282.77,282.76,284.09,284.44,283.08
spa,NPB,gpu,S,0.68,1.13,0.34,1.79,0.20
spa,NPB,gpu,W,16.61,17.07,16.10,17.65,19.07
spa,NPB,gpu,A,41.40,39.71,41.73,41.95,43.35
spa,NPB,gpu,B,70.08,70.44,72.06,70.65,71.70
spa,NPB,gpu,C,101.06,101.16,103.25,101.62,102.62
spa,NPB,gpu,D,135.17,136.26,135.34,135.25,137.71
spa,NPB,opencl00,S,1.55,0.64,0.18,0.09,0.06
spa,NPB,opencl00,W,12.58,11.80,11.73,10.05,9.31
spa,NPB,opencl00,A,26.77,28.12,26.16,26.67,27.76
spa,NPB,opencl00,B,46.19,45.62,47.21,45.03,46.62
spa,NPB,opencl00,C,67.64,69.33,67.60,68.44,67.95
spa,NPB,opencl00,D,91.39,90.89,91.13,90.49,93.49
spa,NPB,sparsex,S,0.30,0.14,1.36,0.55,0.02
spa,NPB,sparsex,W,6.66,5.73,5.51,6.66,5.08
spa,NPB,sparsex,A,14.86,12.77,13.40,12.74,14.11
spa,NPB,sparsex,B,21.94,24.36,23.09,24.11,23.79
spa,NPB,sparsex,C,34.33,33.58,35.70,33.19,35.39
spa,NPB,sparsex,D,46.18,45.86,46.79,44.90,44.48
spa,PageRank,native,roadNet-CA,0.17,0.51,0.26,0.44,0.24
spa,PageRank,native,kron,14.55,13.43,14.14,13.24,13.23
spa,PageRank,native,in-2004,34.00,34.41,34.49,36.83,34.44
spa,PageRank,native,ljournal-2008,59.86,59.47,58.05,57.87,57.24
spa,PageRank,native,USA-road-d.E,84.36,83.97,84.87,85.61,86.14
spa,PageRank,native,higgs-twitter,112.34,112.56,113.54,112.78,114.47
spa,PageRank,native,Si5H12,145.95,142.93,143.74,145.34,144.68
spa,PageRank,native,com-Youtube,176.60,176.27,175.04,174.21,175.29
spa,PageRank,native,erdos,210.56,208.81,209.44,208.78,210.16
spa,PageRank,native,eu-2005,243.83,244.09,244.68,243.12,244.27
spa,PageRank,mkl,roadNet-CA,0.84,1.25,1.00,0.04,0.71
spa,PageRank,mkl,kron,34.34,34.16,34.92,35.43,35.44
spa,PageRank,mkl,in-2004,85.50,86.65,85.37,86.82,85.06
spa,PageRank,mkl,ljournal-2008,143.80,146.63,145.32,147.03,146.17
spa,PageRank,mkl,USA-road-d.E,212.58,212.08,211.18,211.95,212.30
spa,PageRank,mkl,higgs-twitter,285.47,283.85,284.49,282.80,282.47
spa,PageRank,mkl,Si5H12,358.95,358.90,359.28,359.19,360.40
spa,PageRank,mkl,com-Youtube,439.71,439.03,438.94,439.52,440.65
spa,PageRank,mkl,erdos,521.42,522.92,523.12,520.50,524.22
spa,PageRank,mkl,eu-2005,608.72,607.52,610.64,609.57,609.46
spa,PageRank,gpu,roadNet-CA,1.30,0.52,0.36,0.14,0.53
spa,PageRank,gpu,kron,16.54,18.11,15.83,16.93,16.69
spa,PageRank,gpu,in-2004,41.54,42.12,41.59,41.13,40.57
spa,PageRank,gpu,ljournal-2008,71.23,70.51,68.93,68.49,69.13
spa,PageRank,gpu,USA-road-d.E,103.58,103.36,102.03,103.42,102.04
spa,PageRank,gpu,higgs-twitter,136.91,135.85,136.79,135.70,136.10
spa,PageRank,gpu,Si5H12,171.58,173.64,171.97,172.25,174.24
spa,PageRank,gpu,com-Youtube,213.37,210.89,210.06,210.85,212.01
spa,PageRank,gpu,erdos,249.75,250.44,251.06,251.78,248.67
spa,PageRank,gpu,eu-2005,291.41,291.40,292.82,293.23,294.09
spa,PageRank,opencl00,roadNet-CA,0.56,0.65,0.65,0.39,0.55
spa,PageRank,opencl00,kron,10.27,9.79,11.53,12.67,10.96
spa,PageRank,opencl00,in-2004,28.23,27.47,28.94,27.04,26.27
spa,PageRank,opencl00,ljournal-2008,46.31,48.56,46.66,46.51,48.53
spa,PageRank,opencl00,USA-road-d.E,68.74,67.09,68.23,67.00,69.99
spa,PageRank,opencl00,higgs-twitter,91.77,89.82,90.68,90.79,89.93
spa,PageRank,opencl00,Si5H12,114.52,115.52,114.66,113.92,115.86
spa,PageRank,opencl00,com-Youtube,140.47,139.40,142.27,140.66,139.02
spa,PageRank,opencl00,erdos,168.48,164.91,167.46,167.72,166.64
spa,PageRank,opencl00,eu-2005,193.36,196.37,193.67,196.49,195.81
spa,PageRank,sparsex,roadNet-CA,0.49,0.47,0.36,0.17,1.61
spa,PageRank,sparsex,kron,5.18,4.75,5.71,5.26,6.31
spa,PageRank,sparsex,in-2004,11.92,15.09,13.39,12.93,12.37
spa,PageRank,sparsex,ljournal-2008,22.37,23.63,23.84,23.93,25.20
spa,PageRank,sparsex,USA-road-d.E,34.69,34.27,32.80,34.00,34.17
spa,PageRank,sparsex,higgs-twitter,46.30,43.98,46.22,45.81,45.45
spa,PageRank,sparsex,Si5H12,55.59,59.13,57.21,57.70,57.88
spa,PageRank,sparsex,com-Youtube,70.73,71.09,71.09,70.52,70.24
spa,PageRank,sparsex,erdos,84.33,84.57,83.32,83.99,85.53
spa,PageRank,sparsex,eu-2005,95.69,97.61,98.43,98.17,97.41
spa,parboil-spmv,native,small,0.00,0.08,0.59,0.34,0.72
spa,parboil-spmv,native,medium,13.05,14.14,12.64,13.18,15.01
spa,parboil-spmv,native,large,35.35,33.87,34.41,35.43,33.54
spa,parboil-spmv,mkl,small,0.63,0.79,0.35,0.08,0.41
spa,parboil-spmv,mkl,medium,33.01,34.51,35.74,34.14,34.43
spa,parboil-spmv,mkl,large,87.50,87.16,84.99,88.31,85.89
spa,parboil-spmv,gpu,small,0.24,0.34,0.20,0.29,0.52
spa,parboil-spmv,gpu,medium,16.50,15.71,18.04,15.92,18.19
spa,parboil-spmv,gpu,large,42.15,42.40,42.60,40.22,41.12
spa,parboil-spmv,opencl00,small,1.47,0.44,0.33,1.20,1.28
spa,parboil-spmv,opencl00,medium,11.76,11.80,12.22,12.14,10.14
spa,parboil-spmv,opencl00,large,26.43,26.22,26.57,27.61,27.89
spa,parboil-spmv,sparsex,small,1.46,0.84,0.79,1.01,1.70
spa,parboil-spmv,sparsex,medium,4.16,5.63,5.79,3.02,6.55
spa,parboil-spmv,sparsex,large,14.97,14.10,14.16,14.25,11.77
spa,Netlib-C,native,40,0.68,0.31,0.45,0.36,1.37
spa,Netlib-C,native,60,15.38,12.45,15.35,14.54,13.73
spa,Netlib-C,native,80,34.12,33.80,34.56,33.81,35.19
spa,Netlib-C,native,100,57.82,59.24,57.93,59.48,58.91
spa,Netlib-C,native,120,85.59,84.00,83.83,83.72,84.19
spa,Netlib-C,native,140,114.07,114.61,111.97,112.29,112.41
spa,Netlib-C,native,160,143.38,146.01,143.40,142.71,143.98
spa,Netlib-C,mkl,40,1.35,1.54,0.44,0.10,0.92
spa,Netlib-C,mkl,60,37.57,36.09,35.74,33.92,34.69
spa,Netlib-C,mkl,80,87.01,85.06,84.96,86.95,86.87
spa,Netlib-C,mkl,100,146.84,146.11,146.41,146.80,145.67
spa,Netlib-C,mkl,120,212.94,211.58,212.51,210.80,211.29
spa,Netlib-C,mkl,140,284.06,281.21,281.42,283.69,282.34
spa,Netlib-C,mkl,160,361.29,357.91,359.69,358.29,357.83
spa,Netlib-C,gpu,40,0.75,1.58,0.08,0.55,0.04
spa,Netlib-C,gpu,60,17.63,17.07,17.45,15.44,17.56
spa,Netlib-C,gpu,80,42.21,41.32,40.11,41.43,40.49
spa,Netlib-C,gpu,100,68.92,69.64,69.41,69.01,70.59
spa,Netlib-C,gpu,120,101.43,102.66,101.92,101.60,101.32
spa,Netlib-C,gpu,140,136.50,137.39,134.31,136.87,136.08
spa,Netlib-C,gpu,160,173.61,172.76,171.55,173.23,171.76
spa,Netlib-C,opencl00,40,1.41,1.15,0.36,0.29,2.57
spa,Netlib-C,opencl00,60,11.35,10.70,9.70,10.95,11.92
spa,Netlib-C,opencl00,80,28.81,27.08,27.73,28.37,27.23
spa,Netlib-C,opencl00,100,46.24,46.25,46.65,46.20,46.23
spa,Netlib-C,opencl00,120,66.51,68.80,68.10,69.47,67.43
spa,Netlib-C,opencl00,140,89.01,90.26,90.10,90.12,91.14
spa,Netlib-C,opencl00,160,115.57,113.74,115.52,114.03,114.10
spa,Netlib-C,sparsex,40,1.67,0.77,0.46,0.61,0.00
spa,Netlib-C,sparsex,60,5.59,6.95,5.15,5.62,6.43
spa,Netlib-C,sparsex,80,14.16,13.85,12.93,13.93,13.08
spa,Netlib-C,sparsex,100,24.03,25.05,24.54,23.81,23.29
spa,Netlib-C,sparsex,120,33.52,32.47,34.39,32.92,33.36
spa,Netlib-C,sparsex,140,45.38,44.81,44.94,46.07,44.17
spa,Netlib-C,sparsex,160,56.43,58.03,56.98,57.55,60.25
spa,Netlib-F,native,40,2.39,0.14,0.60,0.48,0.25
spa,Netlib-F,native,60,13.75,14.82,13.89,14.15,12.59
spa,Netlib-F,native,80,33.82,36.33,33.83,34.74,34.25
spa,Netlib-F,native,100,58.40,57.55,58.77,58.12,59.87
spa,Netlib-F,native,120,84.35,86.07,85.46,84.22,84.99
spa,Netlib-F,native,140,114.66,114.04,114.14,115.09,114.75
spa,Netlib-F,native,160,142.32,143.36,142.11,142.73,145.67
spa,Netlib-F,mkl,40,0.92,0.59,0.05,2.64,1.34
spa,Netlib-F,mkl,60,34.61,34.81,36.91,35.96,35.72
spa,Netlib-F,mkl,80,87.85,85.37,87.46,85.29,86.76
spa,Netlib-F,mkl,100,145.61,146.76,147.15,145.96,145.44
spa,Netlib-F,mkl,120,211.22,211.39,212.14,212.98,210.88
spa,Netlib-F,mkl,140,284.07,284.47,282.00,282.98,285.74
spa,Netlib-F,mkl,160,358.36,359.18,358.82,360.06,358.81
spa,Netlib-F,gpu,40,1.32,0.33,0.11,1.68,0.64
spa,Netlib-F,gpu,60,17.68,14.06,18.40,18.33,17.59
spa,Netlib-F,gpu,80,42.34,40.69,41.45,41.83,41.32
spa,Netlib-F,gpu,100,71.26,70.30,70.74,71.29,70.13
spa,Netlib-F,gpu,120,100.55,101.62,101.25,101.96,101.71
spa,Netlib-F,gpu,140,135.59,136.58,134.86,136.01,135.29
spa,Netlib-F,gpu,160,174.18,172.42,171.76,171.69,172.71
spa,Netlib-F,opencl00,40,0.81,0.28,0.31,0.85,0.61
spa,Netlib-F,opencl00,60,9.21,10.44,11.82,9.99,10.62
spa,Netlib-F,opencl00,80,29.20,25.94,27.59,26.85,27.31
spa,Netlib-F,opencl00,100,46.25,45.42,45.38,46.57,47.04
spa,Netlib-F,opencl00,120,69.41,69.14,66.70,67.85,67.39
spa,Netlib-F,opencl00,140,90.03,89.85,89.87,90.07,89.84
spa,Netlib-F,opencl00,160,115.06,116.68,113.81,115.42,115.57
spa,Netlib-F,sparsex,40,0.94,1.53,0.16,2.37,2.07
spa,Netlib-F,sparsex,60,5.03,6.64,4.65,3.57,5.77
spa,Netlib-F,sparsex,80,14.40,11.93,12.19,12.59,14.09
spa,Netlib-F,sparsex,100,23.97,21.14,23.73,22.10,23.30
spa,Netlib-F,sparsex,120,34.68,35.63,33.56,33.50,34.25
spa,Netlib-F,sparsex,140,45.79,44.33,45.51,46.65,45.27
spa,Netlib-F,sparsex,160,59.09,56.00,57.32,56.15,58.90
spa,pfold,native,0.small,0.53,0.05,1.48,0.23,0.26
spa,pfold,native,1.small,16.06,12.19,13.83,15.17,15.03
spa,pfold,native,2.small,34.93,34.36,35.50,34.89,34.39
spa,pfold,native,0.large,59.21,59.80,58.64,57.02,58.11
spa,pfold,native,1.large,84.75,86.53,84.89,84.44,83.23
spa,pfold,native,2.large,112.98,112.88,114.68,114.78,114.86
spa,pfold,mkl,0.small,0.63,1.24,1.35,0.54,1.31
spa,pfold,mkl,1.small,35.33,34.87,35.15,36.35,34.37
spa,pfold,mkl,2.small,85.15,86.65,84.61,86.81,86.17
spa,pfold,mkl,0.large,146.54,145.82,144.93,146.44,145.89
spa,pfold,mkl,1.large,212.20,211.53,211.01,211.96,213.00
spa,pfold,mkl,2.large,283.53,282.87,283.21,281.99,283.38
spa,pfold,gpu,0.small,1.00,0.72,0.02,1.25,0.43
spa,pfold,gpu,1.small,16.45,16.23,16.37,15.79,19.02
spa,pfold,gpu,2.small,40.94,42.73,39.43,39.86,40.34
spa,pfold,gpu,0.large,69.39,70.57,69.21,70.18,70.37
spa,pfold,gpu,1.large,102.35,102.40,104.22,104.16,101.15
spa,pfold,gpu,2.large,137.56,136.84,138.77,136.98,136.85
spa,pfold,opencl00,0.small,1.29,0.78,0.84,0.17,2.06
spa,pfold,opencl00,1.small,9.90,11.08,12.23,12.68,10.17
spa,pfold,opencl00,2.small,27.46,27.29,26.49,26.51,27.32
spa,pfold,opencl00,0.large,45.92,46.50,46.16,45.65,46.54
spa,pfold,opencl00,1.large,69.88,69.11,68.89,67.50,67.25
spa,pfold,opencl00,2.large,90.34,91.54,91.67,90.27,90.37
spa,pfold,sparsex,0.small,0.82,0.90,2.35,1.23,0.11
spa,pfold,sparsex,1.small,4.71,4.96,6.19,5.06,5.63
spa,pfold,sparsex,2.small,13.95,14.19,14.73,13.21,13.72
spa,pfold,sparsex,0.large,23.46,22.54,23.87,23.21,23.10
spa,pfold,sparsex,1.large,31.80,33.51,33.68,35.05,31.54
spa,pfold,sparsex,2.large,43.29,46.26,46.76,46.57,46.77
spa,ngt,native,0.small,1.62,0.03,0.20,0.25,0.34
spa,ngt,native,1.small,15.48,13.89,14.08,12.38,13.65
spa,ngt,native,2.small,34.79,34.68,34.92,33.22,34.49
spa,ngt,native,0.large,58.60,58.82,56.89,58.03,57.37
spa,ngt,native,1.large,83.88,83.42,85.84,84.89,85.52
spa,ngt,native,2.large,113.38,112.29,114.22,112.57,113.46
spa,ngt,mkl,0.small,0.33,0.03,1.43,1.38,0.67
spa,ngt,mkl,1.small,34.64,36.41,34.56,33.87,34.32
spa,ngt,mkl,2.small,88.36,85.71,85.71,86.75,86.98
spa,ngt,mkl,0.large,144.83,148.25,145.43,145.71,143.93
spa,ngt,mkl,1.large,212.33,214.01,212.54,212.29,210.73
spa,ngt,mkl,2.large,283.26,283.03,282.46,282.73,283.86
spa,ngt,gpu,0.small,1.68,0.97,0.67,0.72,0.18
spa,ngt,gpu,1.small,16.35,17.95,17.77,17.04,17.31
spa,ngt,gpu,2.small,40.89,40.61,41.44,40.93,43.37
spa,ngt,gpu,0.large,70.76,70.22,69.89,71.80,68.96
spa,ngt,gpu,1.large,102.49,100.96,102.24,103.03,102.46
spa,ngt,gpu,2.large,135.15,136.08,134.56,135.66,136.24
spa,ngt,opencl00,0.small,1.25,2.36,0.35,1.39,1.02
spa,ngt,opencl00,1.small,11.60,11.55,10.29,11.65,12.06
spa,ngt,opencl00,2.small,26.83,27.61,27.05,27.52,25.84
spa,ngt,opencl00,0.large,45.64,45.30,45.75,47.36,47.23
spa,ngt,opencl00,1.large,68.15,68.16,66.30,68.43,69.01
spa,ngt,opencl00,2.large,91.44,90.12,89.49,88.91,89.10
spa,ngt,sparsex,0.small,0.13,0.16,0.96,0.08,0.74
spa,ngt,sparsex,1.small,5.60,5.92,5.16,5.33,5.64
spa,ngt,sparsex,2.small,12.69,13.88,13.51,15.41,13.94
spa,ngt,sparsex,0.large,23.15,22.79,22.50,23.45,23.80
spa,ngt,sparsex,1.large,35.11,32.76,33.75,35.58,32.57
spa,ngt,sparsex,2.large,45.28,44.46,47.30,44.78,44.10
