monaco,bfs,native,roadNet-CA,1.03663,0.994627,1.0053,0.994994,0.965441
monaco,bfs,native,kron,1.03698,1.06225,0.80732,0.899599,0.808275
monaco,bfs,native,in-2004,2.14372,2.23172,2.19859,2.19946,2.31671
monaco,bfs,native,ljournal-2008,7.85522,8.05871,8.26543,6.55413,8.27153
monaco,bfs,native,USA-road-d.E,10.7488,13.9915,12.8312,11.4267,9.41293
monaco,bfs,native,higgs-twitter,0.108273,0.108855,0.109548,0.108394,0.109685
monaco,bfs,native,Si5H12,0.0193169,0.0196282,0.0195796,0.0193699,0.0193951
monaco,bfs,native,com-Youtube,0.654119,0.588717,0.629458,0.633381,0.529682
monaco,bfs,native,erdos,5.85177,7.31785,8.48791,7.75421,5.57656
monaco,bfs,native,eu-2005,1.35862,1.31824,1.27451,1.34818,1.31099
monaco,bfs,mkl,roadNet-CA,0.921329,0.835537,0.85598,0.960736,0.924044
monaco,bfs,mkl,kron,0.797527,0.482568,0.718722,0.700242,0.441895
monaco,bfs,mkl,in-2004,2.07687,2.05691,2.01452,2.11506,1.96571
monaco,bfs,mkl,ljournal-2008,8.0739,6.172,7.49411,7.66534,7.43653
monaco,bfs,mkl,USA-road-d.E,12.0703,14.6928,9.02683,11.131,8.84146
monaco,bfs,mkl,higgs-twitter,0.108739,0.107895,0.110249,0.111883,0.108377
monaco,bfs,mkl,Si5H12,0.0282135,0.0264148,0.0270561,0.0205702,0.0258098
monaco,bfs,mkl,com-Youtube,0.428231,0.417105,0.488649,0.44569,0.478921
monaco,bfs,mkl,erdos,2.49161,2.98763,3.08887,2.5888,2.84205
monaco,bfs,mkl,eu-2005,1.1725,1.08965,1.06163,1.06695,1.14618
monaco,bfs,opencl00,roadNet-CA,19.269,19.9134,19.2076,19.937,22.6937
monaco,bfs,opencl00,kron,1.16955,1.03534,1.07054,1.15268,0.92656
monaco,bfs,opencl00,in-2004,52.0396,53.0159,54.2275,55.1777,57.2734
monaco,bfs,opencl00,ljournal-2008,111.862,111.839,114.949,114.862,106.31
monaco,bfs,opencl00,USA-road-d.E,85.2994,76.7123,77.8857,90.0725,106.025
monaco,bfs,opencl00,higgs-twitter,0.48479,0.497323,0.481334,0.49302,0.481099
monaco,bfs,opencl00,Si5H12,0.706091,0.547798,0.535203,0.540333,0.53969
monaco,bfs,opencl00,com-Youtube,6.78455,8.67227,8.72032,8.31158,7.94677
monaco,bfs,opencl00,erdos,4.29374,5.07801,5.68587,4.54683,4.5154
monaco,bfs,opencl00,eu-2005,13.9986,14.8966,15.3928,15.3705,14.871
monaco,bfs,sparsex,roadNet-CA,,,,,
monaco,bfs,sparsex,kron,3.02308,3.404,3.17303,3.30012,3.34456
monaco,bfs,sparsex,in-2004,,,,,
monaco,bfs,sparsex,ljournal-2008,,,,,
monaco,bfs,sparsex,USA-road-d.E,,,,,
monaco,bfs,sparsex,higgs-twitter,,,,,
monaco,bfs,sparsex,Si5H12,,,,,
monaco,bfs,sparsex,com-Youtube,,,,,
monaco,bfs,sparsex,erdos,6.65648,5.24792,6.18417,5.83295,5.59481
monaco,bfs,sparsex,eu-2005,,,,,
monaco,NPB,native,S,0.06,0.06,0.05,0.05,0.06
monaco,NPB,native,W,0.34,0.34,0.34,0.28,0.28
monaco,NPB,native,A,1.33,1.38,1.33,1.41,1.36
monaco,NPB,native,B,107.09,107.18,107.49,107.04,107.23
monaco,NPB,native,C,310.73,309.15,309.20,309.79,310.58
monaco,NPB,native,D,18200.52,18205.52,18160.97,,
monaco,NPB,mkl,S,0.06,0.06,0.06,0.06,0.06
monaco,NPB,mkl,W,0.08,0.09,0.09,0.09,0.08
monaco,NPB,mkl,A,0.27,0.20,0.28,0.24,0.28
monaco,NPB,mkl,B,15.36,16.19,16.38,13.79,13.66
monaco,NPB,mkl,C,37.36,38.74,42.01,42.35,42.40
monaco,NPB,mkl,D,1236.04,1972.39
monaco,NPB,opencl00,S,0.08,0.07,0.07,0.07,0.07
monaco,NPB,opencl00,W,0.27,0.27,0.27,0.27,0.27
monaco,NPB,opencl00,A,0.78,0.78,0.79,0.78,0.78
monaco,NPB,opencl00,B,27.61,27.62,27.62,27.61,27.60
monaco,NPB,opencl00,C,72.90,72.92,72.91,72.89,72.90
monaco,NPB,opencl00,D,,
monaco,NPB,sparsex,S,1.29,1.28,1.28,1.28,1.28
monaco,NPB,sparsex,W,1.84,1.81,1.79,1.75,1.75
monaco,NPB,sparsex,A,1.99,1.86,1.91,2.00,1.90
monaco,NPB,sparsex,B,15.19,15.30,15.36,15.21,15.25
monaco,NPB,sparsex,C,38.49,37.86,38.00,37.96,38.52
monaco,NPB,sparsex,D,37809.04,32669.57
monaco,PageRank,native,roadNet-CA,47.1694,47.1622,47.1615,47.1559,47.1153
monaco,PageRank,native,kron,7.66707,7.65734,7.64576,7.61779,7.61819
monaco,PageRank,native,in-2004,51.5264,51.5109,51.5151,51.509,51.5063
monaco,PageRank,native,ljournal-2008,433.018,432.936,432.794,432.906,432.924
monaco,PageRank,native,USA-road-d.E,96.411,96.3921,96.3872,96.3984,96.3994
monaco,PageRank,native,higgs-twitter,57.209,57.2099,57.2061,57.2104,57.2015
monaco,PageRank,native,Si5H12,1.23347,1.23306,1.23291,1.23294,1.23325
monaco,PageRank,native,com-Youtube,43.7289,43.7277,43.7173,43.7161,43.7201
monaco,PageRank,native,erdos,11.5351,11.5301,11.5292,11.5338,11.5278
monaco,PageRank,native,eu-2005,48.5353,48.5363,48.5204,48.5178,48.5233
monaco,PageRank,mkl,roadNet-CA,31.2142,29.9577,30.1304,30.1018,30.0867
monaco,PageRank,mkl,kron,6.70088,6.48025,6.48552,6.52322,6.52253
monaco,PageRank,mkl,in-2004,28.5573,24.3136,24.2181,24.2174,24.2187
monaco,PageRank,mkl,ljournal-2008,147.856,147.467,147.403,147.398,147.41
monaco,PageRank,mkl,USA-road-d.E,56.5487,55.8453,55.8766,55.8254,55.8063
monaco,PageRank,mkl,higgs-twitter,17.1206,16.5735,16.5712,16.5721,16.5592
monaco,PageRank,mkl,Si5H12,0.36831,0.34023,0.344213,0.342494,0.342612
monaco,PageRank,mkl,com-Youtube,23.6543,23.5429,23.5208,23.6507,23.6673
monaco,PageRank,mkl,erdos,9.41778,9.14933,9.14414,9.1701,9.17009
monaco,PageRank,mkl,eu-2005,21.0385,17.2602,16.5238,16.5348,16.8001
monaco,PageRank,opencl00,roadNet-CA,46.7346,45.1446,45.1374,45.1391,45.1473
monaco,PageRank,opencl00,kron,8.35948,7.91656,8.19781,11.4689,11.4905
monaco,PageRank,opencl00,in-2004,46.2801,42.816,42.795,42.7962,42.7805
monaco,PageRank,opencl00,ljournal-2008,195.351,193.007,193.023,193.019,193.005
monaco,PageRank,opencl00,USA-road-d.E,76.0321,75.0822,75.0779,75.0894,86.5885
monaco,PageRank,opencl00,higgs-twitter,28.9143,28.3116,27.8559,26.2359,26.2345
monaco,PageRank,opencl00,Si5H12,1.59736,1.06989,1.0705,1.06953,1.06999
monaco,PageRank,opencl00,com-Youtube,35.558,36.1382,32.1626,30.2945,30.2948
monaco,PageRank,opencl00,erdos,12.1504,11.5526,13.9061,11.512,11.5137
monaco,PageRank,opencl00,eu-2005,39.8062,38.9716,34.472,34.4706,34.4696
monaco,parboil-spmv,native,small,0.001051,0.001113,0.001091,0.001074,0.001075
monaco,parboil-spmv,native,medium,0.016547,0.016419,0.016509,0.016571,0.016392
monaco,parboil-spmv,native,large,0.256884,0.256147,0.256517,0.256220,0.256414
monaco,parboil-spmv,mkl,small,0.001138,0.001131,0.001177,0.001090,0.001140
monaco,parboil-spmv,mkl,medium,0.016470,0.016429,0.016622,0.016547,0.016473
monaco,parboil-spmv,mkl,large,0.254449,0.067602,0.056171,0.075686,0.061114
monaco,parboil-spmv,opencl00,small,0.464312,0.315400,0.304374,0.315467,0.304183
monaco,parboil-spmv,opencl00,medium,0.334982,0.314301,0.294375,0.319049,0.302106
monaco,parboil-spmv,opencl00,large,0.562089,0.527857,0.528710,0.584328,0.527537
monaco,parboil-spmv,sparsex,small,12.123890,11.257731,11.235012,11.344768,11.273620
monaco,parboil-spmv,sparsex,medium,15.018708,15.108067,15.094839,15.152611,14.889727
monaco,parboil-spmv,sparsex,large,2.491745,2.329987,2.448947,2.259663,2.332133
monaco,Netlib-C,native,40,0.198,0.199,0.201,0.198,0.199
monaco,Netlib-C,native,60,1.019,1.016,1.014,1.021,1.020
monaco,Netlib-C,native,80,2.608,2.601,2.605,2.607,2.613
monaco,Netlib-C,native,100,5.605,5.587,5.600,5.588,5.608
monaco,Netlib-C,native,120,12.061,12.119,12.029,12.068,12.087
monaco,Netlib-C,native,140,22.625,22.794,22.613,22.697,22.868
monaco,Netlib-C,native,160,37.974,37.805,37.636,37.811,38.104
monaco,Netlib-F,native,40,0.203,0.226,0.203,0.203,0.203
monaco,Netlib-F,native,60,1.041,1.035,1.032,1.027,1.032
monaco,Netlib-F,native,80,2.644,2.640,2.647,2.640,2.640
monaco,Netlib-F,native,100,5.656,5.638,5.655,5.685,5.694
monaco,Netlib-F,native,120,12.178,12.273,12.312,12.261,12.205
monaco,Netlib-F,native,140,22.927,22.906,22.915,23.017,23.104
monaco,Netlib-F,native,160,38.079,38.492,37.894,38.144,38.047
monaco,Netlib-C,mkl,40,0.090,0.059,0.055,0.043,0.063
monaco,Netlib-C,mkl,60,0.135,0.142,0.183,0.145,0.138
monaco,Netlib-C,mkl,80,0.481,0.491,0.485,0.490,0.499
monaco,Netlib-C,mkl,100,0.912,0.874,0.905,0.955,0.959
monaco,Netlib-C,mkl,120,2.013,2.162,2.007,2.001,2.036
monaco,Netlib-C,mkl,140,3.808,3.992,3.863,3.661,4.104
monaco,Netlib-C,mkl,160,6.586,6.811,7.106,7.302,6.850
monaco,Netlib-F,mkl,40,0.063,0.056,0.053,0.069,0.055
monaco,Netlib-F,mkl,60,0.185,0.168,0.170,0.167,0.185
monaco,Netlib-F,mkl,80,0.530,0.548,0.520,0.558,0.534
monaco,Netlib-F,mkl,100,1.038,1.014,1.048,1.056,1.016
monaco,Netlib-F,mkl,120,2.255,2.137,2.147,2.180,2.295
monaco,Netlib-F,mkl,140,4.389,4.036,3.900,4.383,4.432
monaco,Netlib-F,mkl,160,6.637,7.770,8.008,7.363,7.179
monaco,Netlib-C,opencl00,40,0.567,0.514,0.494,0.470,0.484
monaco,Netlib-C,opencl00,60,0.820,0.873,0.925,0.862,0.921
monaco,Netlib-C,opencl00,80,1.723,1.631,1.636,1.629,1.635
monaco,Netlib-C,opencl00,100,2.802,2.804,2.797,2.794,2.966
monaco,Netlib-C,opencl00,120,4.810,4.579,4.593,4.586,4.811
monaco,Netlib-C,opencl00,140,6.940,6.954,7.407,7.387,6.938
monaco,Netlib-C,opencl00,160,10.880,10.251,10.868,10.906,10.271
monaco,Netlib-F,opencl00,40,0.549,0.485,0.496,0.479,0.492
monaco,Netlib-F,opencl00,60,0.903,0.906,0.896,0.891,0.894
monaco,Netlib-F,opencl00,80,1.712,1.704,1.715,1.705,1.711
monaco,Netlib-F,opencl00,100,2.915,2.902,2.899,2.896,2.902
monaco,Netlib-F,opencl00,120,4.734,4.736,4.956,4.950,4.942
monaco,Netlib-F,opencl00,140,7.516,7.091,7.099,7.093,7.522
monaco,Netlib-F,opencl00,160,10.416,10.430,10.417,10.445,11.042
monaco,PATHSAMPLE,native,pfold.0.small,24.44,24.03,24.17,24.05,24.07
monaco,PATHSAMPLE,native,pfold.1.small,21.28,21.19,21.23,21.24,21.21
monaco,PATHSAMPLE,native,pfold.2.small,16.58,16.78,16.58,16.58,16.57
monaco,PATHSAMPLE,native,pfold.0.large,134.26,133.61,133.59,133.30,134.21
monaco,PATHSAMPLE,native,pfold.1.large,106.34,106.29,106.38,106.60,106.49
monaco,PATHSAMPLE,native,pfold.2.large,60.66,60.71,60.84,60.99,60.78
monaco,PATHSAMPLE,native,ngt.0.small,145.73,145.22,145.79,145.42,145.19
monaco,PATHSAMPLE,native,ngt.1.small,145.98,149.98,147.53,145.96,145.19
monaco,PATHSAMPLE,native,ngt.2.small,145.29,145.09,145.18,145.20,145.32
monaco,PATHSAMPLE,native,ngt.0.large,186.66,186.97,190.76,186.94,187.41
monaco,PATHSAMPLE,native,ngt.1.large,186.65,187.04,186.56,186.15,186.90
monaco,PATHSAMPLE,native,ngt.2.large,187.05,187.14,187.01,188.68,186.88
monaco,PATHSAMPLE,mkl,pfold.0.small,15.41,15.29,15.17,15.37,15.34
monaco,PATHSAMPLE,mkl,pfold.1.small,15.00,14.89,14.89,14.84,14.95
monaco,PATHSAMPLE,mkl,pfold.2.small,16.66,16.52,16.58,16.59,16.61
monaco,PATHSAMPLE,mkl,pfold.0.large,45.99,47.04,46.85,45.78,46.75
monaco,PATHSAMPLE,mkl,pfold.1.large,42.76,43.68,43.32,43.72,43.09
monaco,PATHSAMPLE,mkl,pfold.2.large,60.84,60.99,61.04,61.04,60.83
monaco,PATHSAMPLE,mkl,ngt.0.small,141.96,142.24,142.20,142.29,142.21
monaco,PATHSAMPLE,mkl,ngt.1.small,142.25,142.00,142.30,142.58,142.23
monaco,PATHSAMPLE,mkl,ngt.2.small,142.29,141.97,142.06,142.36,141.89
monaco,PATHSAMPLE,mkl,ngt.0.large,158.34,158.57,158.68,158.30,158.54
monaco,PATHSAMPLE,mkl,ngt.1.large,157.95,158.52,158.05,158.31,158.23
monaco,PATHSAMPLE,mkl,ngt.2.large,158.46,158.40,159.10,158.45,157.98
monaco,PATHSAMPLE,opencl00,pfold.0.small,26.31,26.23,26.18,26.31,26.22
monaco,PATHSAMPLE,opencl00,pfold.1.small,25.63,25.64,25.50,23.68,25.62
monaco,PATHSAMPLE,opencl00,pfold.2.small,24.35,24.35,24.32,24.33,24.35
monaco,PATHSAMPLE,opencl00,pfold.0.large,146.16,150.16,150.22,150.14,150.30
monaco,PATHSAMPLE,opencl00,pfold.1.large,143.78,143.42,139.48,143.37,143.71
monaco,PATHSAMPLE,opencl00,pfold.2.large,132.63,133.32,133.08,133.46,127.40
monaco,PATHSAMPLE,opencl00,ngt.0.small,150.10,151.73,154.18,150.08,150.34
monaco,PATHSAMPLE,opencl00,ngt.1.small,150.11,150.15,150.15,150.03,154.55
monaco,PATHSAMPLE,opencl00,ngt.2.small,152.24,150.20,152.59,150.07,150.49
monaco,PATHSAMPLE,opencl00,ngt.0.large,244.14,228.81,228.77,228.87,228.61
monaco,PATHSAMPLE,opencl00,ngt.1.large,246.67,228.67,242.22,229.04,228.86
monaco,PATHSAMPLE,opencl00,ngt.2.large,246.29,250.32,231.24,247.63,230.10
firuza,bfs,native,roadNet-CA,0.523481,0.548152,0.535771,0.539798,0.523972
firuza,bfs,native,kron,0.274457,0.566153,0.392968,0.390268,0.615535
firuza,bfs,native,in-2004,1.48563,1.42468,1.43569,1.44069,1.48734
firuza,bfs,native,ljournal-2008,5.66526,5.83947,5.19904,5.53891,5.72344
firuza,bfs,native,USA-road-d.E,7.09691,5.12402,6.5207,6.6451,6.24444
firuza,bfs,native,higgs-twitter,0.0463192,0.0462067,0.0451987,0.046166,0.0449706
firuza,bfs,native,Si5H12,0.00834817,0.00840784,0.00807394,0.00806027,0.00829062
firuza,bfs,native,com-Youtube,0.361814,0.339229,0.33335,0.359826,0.350351
firuza,bfs,native,erdos,3.18493,3.48432,3.76276,2.29166,3.03832
firuza,bfs,native,eu-2005,0.906319,0.978896,0.891455,0.936504,0.927561
firuza,bfs,sparsex,roadNet-CA,,,,,
firuza,bfs,sparsex,kron,0.812256,0.836742,0.765713,0.799755,0.925877
firuza,bfs,sparsex,in-2004,,,,,
firuza,bfs,sparsex,ljournal-2008,,,,,
firuza,bfs,sparsex,USA-road-d.E,,,,,
firuza,bfs,sparsex,higgs-twitter,,,,,
firuza,bfs,sparsex,Si5H12,,,,,
firuza,bfs,sparsex,com-Youtube,,,,,
firuza,bfs,sparsex,erdos,2.70451,2.40232,2.65631,2.33912,2.50271
firuza,bfs,sparsex,eu-2005,,,,,
firuza,bfs,mkl,roadNet-CA,0.416101,0.368889,0.418325,0.431079,0.388439
firuza,bfs,mkl,kron,0.247262,0.250555,0.247347,0.259352,0.311213
firuza,bfs,mkl,in-2004,0.913751,0.895489,0.914807,0.924304,0.926472
firuza,bfs,mkl,ljournal-2008,4.61554,4.42002,4.30381,4.31105,4.31011
firuza,bfs,mkl,USA-road-d.E,5.98776,5.72099,6.72023,5.65843,5.65389
firuza,bfs,mkl,higgs-twitter,0.0473022,0.0473929,0.0461408,0.0468746,0.0459737
firuza,bfs,mkl,Si5H12,0.0280837,0.0089837,0.00908664,0.0090874,0.00916299
firuza,bfs,mkl,com-Youtube,0.207565,0.218761,0.220354,0.212589,0.215665
firuza,bfs,mkl,erdos,1.37764,1.11618,1.78633,1.70567,1.57166
firuza,bfs,mkl,eu-2005,0.567221,0.537993,0.54816,0.547712,0.552879
firuza,bfs,opencl00,roadNet-CA,6.75213,6.62617,6.64047,6.39438,7.6155
firuza,bfs,opencl00,kron,0.486736,0.434437,0.530008,0.377022,0.537672
firuza,bfs,opencl00,in-2004,19.5594,19.4198,20.278,19.4208,19.4643
firuza,bfs,opencl00,ljournal-2008,42.5931,38.3187,45.7924,39.3387,45.6945
firuza,bfs,opencl00,USA-road-d.E,23.6438,27.3194,23.8972,25.2374,36.0496
firuza,bfs,opencl00,higgs-twitter,0.151523,0.175999,0.167142,0.162062,0.176501
firuza,bfs,opencl00,Si5H12,0.250122,0.181038,0.188513,0.187893,0.174998
firuza,bfs,opencl00,com-Youtube,2.66463,2.79805,2.55975,2.78796,2.41943
firuza,bfs,opencl00,erdos,2.21945,1.9298,1.58008,1.65318,1.312
firuza,bfs,opencl00,eu-2005,5.04731,5.06438,5.24078,5.13561,5.23875
firuza,NPB,native,S,0.02,0.02,0.02,0.02,0.02
firuza,NPB,native,W,0.16,0.16,0.16,0.16,0.16
firuza,NPB,native,A,0.66,0.66,0.66,0.66,0.65
firuza,NPB,native,B,45.04,43.84,45.25,43.70,43.77
firuza,NPB,native,C,130.57,127.31,130.23,127.65,129.47
firuza,NPB,native,D,6138.25,6016.56,7556.03,7490.80,7488.97
firuza,NPB,sparsex,S,0.28,0.27,0.28,0.27,0.28
firuza,NPB,sparsex,W,0.36,0.35,0.35,0.35,0.35
firuza,NPB,sparsex,A,0.59,0.59,0.59,0.59,0.59
firuza,NPB,sparsex,B,11.80,11.94,11.83,11.92,11.91
firuza,NPB,sparsex,C,31.67,31.73,31.68,31.89,31.90
firuza,NPB,sparsex,D,,,,,
firuza,NPB,mkl,S,0.03,0.02,0.02,0.03,0.03
firuza,NPB,mkl,W,0.03,0.04,0.04,0.03,0.03
firuza,NPB,mkl,A,0.19,0.19,0.19,0.19,0.19
firuza,NPB,mkl,B,11.81,11.79,11.76,11.79,11.85
firuza,NPB,mkl,C,32.14,32.15,32.18,32.14,32.21
firuza,NPB,mkl,D,1389.85,2320.07,1522.06,1517.86,2284.82
firuza,NPB,opencl00,S,0.02,0.02,0.02,0.02,0.02
firuza,NPB,opencl00,W,0.07,0.08,0.07,0.08,0.09
firuza,NPB,opencl00,A,0.22,0.22,0.22,0.22,0.22
firuza,NPB,opencl00,B,8.49,8.39,8.46,8.43,8.42
firuza,NPB,opencl00,C,21.02,21.10,20.82,21.13,21.42
firuza,NPB,opencl00,D,1155.93,1151.75,1154.41,1155.83,1152.83
firuza,parboil-spmv,native,small,0.000289,0.000289,0.000443,0.000561,0.000281
firuza,parboil-spmv,native,medium,0.008879,0.008865,0.008880,0.008893,0.009318
firuza,parboil-spmv,native,large,0.223885,0.199874,0.198129,0.206157,0.198184
firuza,parboil-spmv,sparsex,small,4.576434,4.542344,4.538315,4.510712,4.548089
firuza,parboil-spmv,sparsex,medium,6.781699,6.717302,6.773250,6.799384,6.751398
firuza,parboil-spmv,sparsex,large,1.062364,1.012024,1.020180,1.013145,1.025623
firuza,parboil-spmv,mkl,small,0.000293,0.000431,0.000331,0.000334,0.000428
firuza,parboil-spmv,mkl,medium,0.008958,0.009015,0.008971,0.008999,0.008980
firuza,parboil-spmv,mkl,large,0.090707,0.073096,0.066270,0.067153,0.065260
firuza,parboil-spmv,opencl00,small,0.097201,0.102858,0.095600,0.094830,0.092697
firuza,parboil-spmv,opencl00,medium,0.098593,0.101610,0.096425,0.106471,0.097002
firuza,parboil-spmv,opencl00,large,0.184708,0.171274,0.165358,0.165875,0.165612
firuza,Netlib-C,native,40,0.111,0.111,0.111,0.115,0.125
firuza,Netlib-C,native,60,0.472,0.478,0.480,0.482,0.482
firuza,Netlib-C,native,80,1.247,1.262,1.249,1.252,1.263
firuza,Netlib-C,native,100,3.311,2.979,3.231,3.187,3.225
firuza,Netlib-C,native,120,8.410,8.232,8.376,8.213,8.190
firuza,Netlib-C,native,140,15.596,15.303,15.339,15.189,15.248
firuza,Netlib-C,native,160,25.131,25.850,24.565,25.000,25.817
firuza,Netlib-F,native,40,0.128,0.124,0.124,0.123,0.126
firuza,Netlib-F,native,60,0.509,0.518,0.511,0.505,0.506
firuza,Netlib-F,native,80,1.330,1.633,1.640,1.816,1.734
firuza,Netlib-F,native,100,3.191,3.242,3.319,3.272,3.254
firuza,Netlib-F,native,120,8.474,8.335,8.354,8.387,8.287
firuza,Netlib-F,native,140,15.194,15.493,15.281,15.455,16.229
firuza,Netlib-F,native,160,25.231,25.494,25.198,25.120,25.138
firuza,Netlib-C,mkl,40,0.045,0.028,0.030,0.028,0.030
firuza,Netlib-C,mkl,60,0.121,0.118,0.122,0.121,0.125
firuza,Netlib-C,mkl,80,0.362,0.396,0.389,0.394,0.414
firuza,Netlib-C,mkl,100,0.791,0.797,0.795,0.824,0.809
firuza,Netlib-C,mkl,120,2.189,2.205,2.208,2.168,2.207
firuza,Netlib-C,mkl,140,4.815,4.833,4.827,4.799,4.823
firuza,Netlib-C,mkl,160,8.443,8.410,8.451,8.405,8.408
firuza,Netlib-F,mkl,40,0.049,0.032,0.031,0.033,0.032
firuza,Netlib-F,mkl,60,0.125,0.130,0.128,0.129,0.129
firuza,Netlib-F,mkl,80,0.395,0.445,0.425,0.428,0.425
firuza,Netlib-F,mkl,100,0.891,0.857,0.864,0.859,0.848
firuza,Netlib-F,mkl,120,2.292,2.293,2.287,2.304,2.287
firuza,Netlib-F,mkl,140,4.969,4.973,4.970,4.979,4.989
firuza,Netlib-F,mkl,160,8.654,8.655,8.644,8.661,8.700
firuza,Netlib-C,opencl00,40,0.165,0.166,0.159,0.160,0.159
firuza,Netlib-C,opencl00,60,0.300,0.301,0.302,0.301,0.303
firuza,Netlib-C,opencl00,80,0.621,0.623,0.629,0.624,0.620
firuza,Netlib-C,opencl00,100,1.197,1.192,1.196,1.187,1.201
firuza,Netlib-C,opencl00,120,2.081,2.081,2.099,2.085,2.072
firuza,Netlib-C,opencl00,140,3.308,3.318,3.322,3.324,3.312
firuza,Netlib-C,opencl00,160,4.956,4.971,4.951,4.973,4.967
firuza,Netlib-F,opencl00,40,0.162,0.159,0.159,0.160,0.161
firuza,Netlib-F,opencl00,60,0.306,0.308,0.310,0.310,0.309
firuza,Netlib-F,opencl00,80,0.646,0.645,0.644,0.665,0.644
firuza,Netlib-F,opencl00,100,1.242,1.255,1.263,1.249,1.249
firuza,Netlib-F,opencl00,120,2.169,2.169,2.172,2.169,2.169
firuza,Netlib-F,opencl00,140,3.484,3.546,3.466,3.477,3.475
firuza,Netlib-F,opencl00,160,5.227,5.200,5.188,5.215,5.173
firuza,PATHSAMPLE,native,pfold.0.small,10.98,11.00,10.97,11.02,11.08
firuza,PATHSAMPLE,native,pfold.1.small,9.25,9.27,9.35,9.16,9.39
firuza,PATHSAMPLE,native,pfold.2.small,6.52,6.80,6.52,6.55,6.56
firuza,PATHSAMPLE,native,pfold.0.large,70.51,70.43,69.89,70.03,70.53
firuza,PATHSAMPLE,native,pfold.1.large,55.07,54.26,54.42,54.15,54.17
firuza,PATHSAMPLE,native,pfold.2.large,27.19,27.62,27.24,27.14,27.30
firuza,PATHSAMPLE,native,ngt.0.small,61.64,61.80,62.26,61.72,61.22
firuza,PATHSAMPLE,native,ngt.1.small,62.62,61.17,61.32,61.49,60.94
firuza,PATHSAMPLE,native,ngt.2.small,61.30,61.08,61.79,61.10,61.38
firuza,PATHSAMPLE,native,ngt.0.large,85.23,83.03,82.67,83.17,82.83
firuza,PATHSAMPLE,native,ngt.1.large,83.86,82.08,89.41,82.70,83.39
firuza,PATHSAMPLE,native,ngt.2.large,82.59,82.81,82.71,82.64,83.78
firuza,PATHSAMPLE,mkl,pfold.0.small,6.52,6.16,6.21,6.38,6.26
firuza,PATHSAMPLE,mkl,pfold.1.small,5.85,5.79,5.83,5.79,5.79
firuza,PATHSAMPLE,mkl,pfold.2.small,6.16,6.10,6.62,6.10,6.11
firuza,PATHSAMPLE,mkl,pfold.0.large,26.09,25.71,25.92,26.22,25.99
firuza,PATHSAMPLE,mkl,pfold.1.large,22.52,22.45,22.44,22.54,22.14
firuza,PATHSAMPLE,mkl,pfold.2.large,27.12,26.74,27.00,27.09,26.82
firuza,PATHSAMPLE,mkl,ngt.0.small,60.31,60.34,59.98,59.65,59.96
firuza,PATHSAMPLE,mkl,ngt.1.small,63.05,62.39,59.89,60.12,59.64
firuza,PATHSAMPLE,mkl,ngt.2.small,62.38,59.90,59.84,59.86,60.03
firuza,PATHSAMPLE,mkl,ngt.0.large,69.87,70.02,69.35,69.00,69.50
firuza,PATHSAMPLE,mkl,ngt.1.large,69.32,69.43,71.12,69.00,71.45
firuza,PATHSAMPLE,mkl,ngt.2.large,69.56,69.87,68.54,69.68,69.75
firuza,PATHSAMPLE,opencl00,pfold.0.small,10.98,10.97,10.92,10.91,11.14
firuza,PATHSAMPLE,opencl00,pfold.1.small,9.37,9.15,9.45,9.14,9.19
firuza,PATHSAMPLE,opencl00,pfold.2.small,6.48,6.63,6.41,6.48,6.51
firuza,PATHSAMPLE,opencl00,pfold.0.large,70.16,70.38,70.34,70.41,70.04
firuza,PATHSAMPLE,opencl00,pfold.1.large,53.98,54.22,53.90,54.39,54.27
firuza,PATHSAMPLE,opencl00,pfold.2.large,27.97,27.03,27.01,27.12,27.22
firuza,PATHSAMPLE,opencl00,ngt.0.small,62.67,61.09,61.66,61.12,60.97
firuza,PATHSAMPLE,opencl00,ngt.1.small,61.06,62.32,60.75,60.94,61.09
firuza,PATHSAMPLE,opencl00,ngt.2.small,61.14,61.14,61.37,64.52,60.88
firuza,PATHSAMPLE,opencl00,ngt.0.large,82.61,82.59,82.94,82.55,84.50
firuza,PATHSAMPLE,opencl00,ngt.1.large,84.79,82.43,82.28,81.98,82.36
firuza,PATHSAMPLE,opencl00,ngt.2.large,82.43,82.31,83.77,82.61,82.14
michel,NPB,native,S,0.05,0.05,0.05,0.05,0.05
michel,NPB,native,W,0.57,0.57,0.57,0.57,0.57
michel,NPB,native,A,1.90,1.91,1.91,1.91,1.91
michel,NPB,native,B,71.13,71.10,71.07,71.16,71.18
michel,NPB,native,C,230.90,230.89,231.07,230.88,231.11
michel,NPB,native,D,31021.70,31002.90
michel,NPB,gpu,S,0.25,0.24,0.25,0.25,0.25
michel,NPB,gpu,W,0.85,0.85,0.85,0.85,0.85
michel,NPB,gpu,A,2.20,2.17,2.18,2.18,2.17
michel,NPB,gpu,B,77.09,76.34,76.54,77.22,78.01
michel,NPB,gpu,C,199.64,199.85,199.44,199.79,200.23
michel,NPB,gpu,D,5613.08,5715.34
michel,NPB,opencl00,S,0.10,0.10,0.10,0.11,0.10
michel,NPB,opencl00,W,0.40,0.40,0.41,0.39,0.39
michel,NPB,opencl00,A,1.20,1.21,1.21,1.21,1.20
michel,NPB,opencl00,B,70.20,70.29,70.19,70.21,70.20
michel,NPB,opencl00,C,253.88,253.46,253.93,253.57,253.65
michel,NPB,opencl00,D,2998.96,2999.32
michel,NPB,opencl10,S,0.04,0.04,0.04,0.04,0.04
michel,NPB,opencl10,W,0.21,0.21,0.21,0.21,0.21
michel,NPB,opencl10,A,0.60,0.59,0.60,0.60,0.60
michel,NPB,opencl10,B,28.68,28.90,28.66,28.87,29.22
michel,NPB,opencl10,C,78.72,78.40,78.54,78.82,78.58
michel,NPB,opencl10,D,2508.35,2508.96
michel,NPB,sparsex,S,0.27,0.28,0.28,0.28,0.27
michel,NPB,sparsex,W,0.71,0.71,0.69,0.68,0.69
michel,NPB,sparsex,A,1.95,1.96,1.94,1.95,1.96
michel,NPB,sparsex,B,45.95,46.16,46.12,46.17,46.14
michel,NPB,sparsex,C,121.83,121.92,121.80,121.86,121.93
michel,NPB,sparsex,D,,
michel,PageRank,native,roadNet-CA,77.0887,77.0337,76.9836,76.1127,75.9282
michel,PageRank,native,kron,10.5353,10.4701,10.585,10.5818,10.5843
michel,PageRank,native,in-2004,80.8047,80.8129,80.8225,80.7848,80.7983
michel,PageRank,native,ljournal-2008,1083.43,1083.28,1082.09,1052.35,1049.04
michel,PageRank,native,USA-road-d.E,207.77,207.332,206.73,206.743,206.669
michel,PageRank,native,higgs-twitter,147.225,147.259,147.284,130.307,122.153
michel,PageRank,native,Si5H12,2.4273,2.42456,2.42376,2.43064,2.42368
michel,PageRank,native,com-Youtube,127.79,126.982,124.08,124.082,124.574
michel,PageRank,native,erdos,15.4056,15.411,15.4314,15.4322,15.5816
michel,PageRank,native,eu-2005,84.283,84.3057,84.2716,84.2429,84.241
michel,PageRank,gpu,roadNet-CA,34.6079,33.9234,33.9225,33.9268,33.9289
michel,PageRank,gpu,kron,11.0523,10.3241,10.0613,9.93059,9.94315
michel,PageRank,gpu,in-2004,27.8925,27.0939,27.1163,27.1107,27.1154
michel,PageRank,gpu,ljournal-2008,108.039,107.16,107.156,107.15,107.291
michel,PageRank,gpu,USA-road-d.E,60.6922,59.9615,59.9721,59.9497,59.9783
michel,PageRank,gpu,higgs-twitter,51.7276,51.1288,51.0992,51.1015,51.1004
michel,PageRank,gpu,Si5H12,1.51617,0.79684,0.798653,0.799199,0.798398
michel,PageRank,gpu,com-Youtube,21.9459,21.1513,21.1586,21.1553,21.1542
michel,PageRank,gpu,erdos,13.8005,13.0231,13.0379,13.0221,12.8196
michel,PageRank,gpu,eu-2005,21.0017,20.1517,20.1513,20.1455,20.1615
michel,PageRank,opencl00,roadNet-CA,38.2937,37.6455,37.4025,37.6164,37.4556
michel,PageRank,opencl00,kron,8.98942,8.53389,8.5286,8.48683,8.29569
michel,PageRank,opencl00,in-2004,46.1541,45.4753,45.2804,46.1007,45.8225
michel,PageRank,opencl00,ljournal-2008,265.212,264.559,264.4,263.994,264.083
michel,PageRank,opencl00,USA-road-d.E,63.4031,63.0303,63.7965,63.7398,63.2745
michel,PageRank,opencl00,higgs-twitter,43.5677,43.0048,43.0626,43.201,42.9917
michel,PageRank,opencl00,Si5H12,2.11784,1.73068,1.72588,1.72066,1.73664
michel,PageRank,opencl00,com-Youtube,37.6961,37.6987,38.4206,36.9492,37.1598
michel,PageRank,opencl00,erdos,12.3244,11.5148,11.258,11.9983,11.7122
michel,PageRank,opencl00,eu-2005,41.1753,40.2796,39.8017,40.7692,40.8943
michel,PageRank,opencl10,roadNet-CA,38.0252,38.5753,38.5326,38.5089,38.505
michel,PageRank,opencl10,kron,8.23738,9.4476,9.40756,9.32377,9.31281
michel,PageRank,opencl10,in-2004,41.12,42.2523,42.2619,42.1796,42.1767
michel,PageRank,opencl10,ljournal-2008,176.152,176.761,176.555,176.432,176.442
michel,PageRank,opencl10,USA-road-d.E,66.7695,67.3464,67.3512,67.3415,67.2813
michel,PageRank,opencl10,higgs-twitter,24.8625,26.6369,26.6378,26.6273,26.6339
michel,PageRank,opencl10,Si5H12,1.16847,0.975602,0.976166,0.976454,1.10981
michel,PageRank,opencl10,com-Youtube,27.3343,28.0623,28.0488,28.0451,28.0358
michel,PageRank,opencl10,erdos,11.7204,13.0212,12.8126,12.4132,12.4318
michel,PageRank,opencl10,eu-2005,35.6238,36.9028,36.9228,36.9063,36.8582
michel,parboil-spmv,native,small,0.001523,0.001226,0.001213,0.001230,0.000928
michel,parboil-spmv,native,medium,0.016730,0.016852,0.016643,0.016724,0.017406
michel,parboil-spmv,native,large,0.752354,0.755264,0.748697,0.746496,0.747366
michel,parboil-spmv,gpu,small,2.011718,0.722048,0.724961,0.724563,0.710810
michel,parboil-spmv,gpu,medium,0.762720,0.754057,0.749158,0.760024,0.755083
michel,parboil-spmv,gpu,large,0.756645,0.756518,0.771632,0.762753,0.759545
michel,parboil-spmv,opencl00,small,2.017097,0.369151,0.365282,0.365757,0.362355
michel,parboil-spmv,opencl00,medium,0.381761,0.375537,0.378173,0.378105,0.369463
michel,parboil-spmv,opencl00,large,0.638139,0.646949,0.642808,0.623107,0.617155
michel,parboil-spmv,opencl10,small,0.609359,0.168820,0.175187,0.184731,0.176202
michel,parboil-spmv,opencl10,medium,0.186269,0.187542,0.187938,0.181154,0.176615
michel,parboil-spmv,opencl10,large,0.385537,0.331046,0.348187,0.346329,0.333050
michel,parboil-spmv,sparsex,small,13.799079,12.247701,11.890602,11.521694,11.729049
michel,parboil-spmv,sparsex,medium,18.865150,19.465015,18.730291,18.847939,18.799136
michel,parboil-spmv,sparsex,large,2.642549,2.584945,2.571279,2.615491,2.560584
michel,Netlib-C,native,40,0.395,0.395,0.397,0.397,0.396
michel,Netlib-C,native,60,4.777,4.772,4.775,4.776,4.775
michel,Netlib-C,native,80,18.170,18.158,18.155,18.166,18.157
michel,Netlib-C,native,100,38.868,38.873,38.867,38.870,38.846
michel,Netlib-C,native,120,69.587,69.577,69.552,69.561,69.532
michel,Netlib-C,native,140,112.302,112.309,112.280,112.284,112.263
michel,Netlib-C,native,160,169.156,169.183,169.139,169.137,169.122
michel,Netlib-F,native,40,0.412,0.412,0.415,0.410,0.410
michel,Netlib-F,native,60,4.813,4.812,4.809,4.812,4.808
michel,Netlib-F,native,80,18.259,18.260,18.272,18.275,18.270
michel,Netlib-F,native,100,39.065,39.026,39.057,39.075,39.076
michel,Netlib-F,native,120,69.929,70.225,69.939,69.967,69.970
michel,Netlib-F,native,140,112.913,112.923,112.928,113.513,112.935
michel,Netlib-F,native,160,170.002,170.053,170.038,170.013,170.073
michel,Netlib-C,gpu,40,1.103,1.071,1.060,1.066,1.074
michel,Netlib-C,gpu,60,1.336,1.351,1.338,1.341,1.349
michel,Netlib-C,gpu,80,2.037,2.025,2.029,2.017,2.034
michel,Netlib-C,gpu,100,3.501,3.489,3.493,3.482,3.473
michel,Netlib-C,gpu,120,5.357,5.354,5.341,5.373,5.391
michel,Netlib-C,gpu,140,8.024,8.087,8.034,8.067,8.024
michel,Netlib-C,gpu,160,11.507,11.646,11.530,11.516,11.523
michel,Netlib-F,gpu,40,1.144,1.153,1.144,1.159,1.151
michel,Netlib-F,gpu,60,1.382,1.380,1.381,1.388,1.376
michel,Netlib-F,gpu,80,2.111,2.133,2.125,2.115,2.116
michel,Netlib-F,gpu,100,3.666,3.669,3.671,3.670,3.680
michel,Netlib-F,gpu,120,5.673,5.712,5.666,5.683,5.700
michel,Netlib-F,gpu,140,8.588,8.514,8.521,8.530,8.602
michel,Netlib-F,gpu,160,12.368,12.251,12.260,12.352,12.228
michel,Netlib-C,opencl00,40,0.693,0.697,0.698,0.700,0.697
michel,Netlib-C,opencl00,60,1.596,1.572,1.604,1.536,1.595
michel,Netlib-C,opencl00,80,3.201,3.161,3.215,3.213,3.090
michel,Netlib-C,opencl00,100,5.985,5.958,5.866,5.868,5.997
michel,Netlib-C,opencl00,120,10.011,9.845,10.013,9.894,9.945
michel,Netlib-C,opencl00,140,15.457,15.187,15.276,15.416,15.371
michel,Netlib-C,opencl00,160,22.376,22.318,22.475,22.423,22.424
michel,Netlib-F,opencl00,40,0.712,0.723,0.718,0.718,0.728
michel,Netlib-F,opencl00,60,1.623,1.643,1.648,1.632,1.583
michel,Netlib-F,opencl00,80,3.204,3.269,3.185,3.223,3.277
michel,Netlib-F,opencl00,100,5.915,5.990,6.175,6.172,5.916
michel,Netlib-F,opencl00,120,10.343,10.211,10.077,10.301,10.367
michel,Netlib-F,opencl00,140,15.888,15.847,15.554,15.578,15.811
michel,Netlib-F,opencl00,160,23.052,23.026,22.996,23.109,22.993
michel,Netlib-C,opencl10,40,0.384,0.319,0.312,0.316,0.315
michel,Netlib-C,opencl10,60,0.541,0.538,0.546,0.556,0.555
michel,Netlib-C,opencl10,80,1.071,1.068,1.083,1.080,1.068
michel,Netlib-C,opencl10,100,1.973,1.943,1.967,1.963,1.966
michel,Netlib-C,opencl10,120,3.449,3.451,3.447,3.451,3.483
michel,Netlib-C,opencl10,140,5.599,5.520,5.559,5.570,5.543
michel,Netlib-C,opencl10,160,8.341,8.364,8.348,8.340,8.330
michel,Netlib-F,opencl10,40,0.326,0.313,0.321,0.319,0.324
michel,Netlib-F,opencl10,60,0.579,0.584,0.586,0.587,0.590
michel,Netlib-F,opencl10,80,1.163,1.170,1.159,1.157,1.147
michel,Netlib-F,opencl10,100,2.137,2.147,2.172,2.163,2.146
michel,Netlib-F,opencl10,120,3.875,3.765,3.835,3.853,3.827
michel,Netlib-F,opencl10,140,6.169,6.168,6.179,6.173,6.176
michel,Netlib-F,opencl10,160,9.460,9.396,9.441,9.378,9.464
michel,PATHSAMPLE,native,pfold.0.small,43.26,42.94,42.91,44.36,43.58
michel,PATHSAMPLE,native,pfold.1.small,39.89,35.62,36.11,35.95,36.86
michel,PATHSAMPLE,native,pfold.2.small,20.77,21.22,20.97,21.21,20.57
michel,PATHSAMPLE,native,pfold.0.large,354.63,380.36,341.38,345.08,339.52
michel,PATHSAMPLE,native,pfold.1.large,267.16,279.31,274.48,290.41,270.72
michel,PATHSAMPLE,native,pfold.2.large,122.82,123.43,116.79,120.77,123.90
michel,PATHSAMPLE,native,ngt.0.small,132.85,132.17,132.56,132.40,132.45
michel,PATHSAMPLE,native,ngt.1.small,132.42,132.02,132.10,132.17,132.04
michel,PATHSAMPLE,native,ngt.2.small,132.52,132.47,132.14,131.96,132.21
michel,PATHSAMPLE,native,ngt.0.large,207.50,207.03,209.21,206.94,208.20
michel,PATHSAMPLE,native,ngt.1.large,206.53,208.37,207.41,208.60,208.76
michel,PATHSAMPLE,native,ngt.2.large,207.72,207.98,207.30,209.48,207.54
michel,PATHSAMPLE,gpu,pfold.0.small,35.52,35.34,35.15,35.35,35.39
michel,PATHSAMPLE,gpu,pfold.1.small,33.43,33.57,33.34,33.34,33.30
michel,PATHSAMPLE,gpu,pfold.2.small,27.72,27.50,27.61,27.53,27.44
michel,PATHSAMPLE,gpu,pfold.0.large,254.87,254.77,253.90,254.75,253.44
michel,PATHSAMPLE,gpu,pfold.1.large,234.13,236.92,233.99,235.23,234.54
michel,PATHSAMPLE,gpu,pfold.2.large,181.10,181.32,179.53,180.26,179.36
michel,PATHSAMPLE,gpu,ngt.0.small,143.41,142.88,143.23,143.14,142.64
michel,PATHSAMPLE,gpu,ngt.1.small,142.89,142.62,143.18,142.91,142.72
michel,PATHSAMPLE,gpu,ngt.2.small,141.96,142.27,141.42,141.31,141.81
michel,PATHSAMPLE,gpu,ngt.0.large,299.72,300.52,299.54,300.53,299.70
michel,PATHSAMPLE,gpu,ngt.1.large,300.93,298.71,299.47,299.57,299.41
michel,PATHSAMPLE,gpu,ngt.2.large,298.62,299.06,298.06,299.53,298.92
michel,PATHSAMPLE,opencl00,pfold.0.small,26.78,26.73,26.61,26.85,26.74
michel,PATHSAMPLE,opencl00,pfold.1.small,24.63,24.98,24.67,24.71,24.83
michel,PATHSAMPLE,opencl00,pfold.2.small,20.68,20.98,20.88,20.86,20.66
michel,PATHSAMPLE,opencl00,pfold.0.large,173.95,172.36,174.86,173.06,173.79
michel,PATHSAMPLE,opencl00,pfold.1.large,154.02,156.68,156.26,156.70,154.75
michel,PATHSAMPLE,opencl00,pfold.2.large,116.35,118.47,118.47,117.75,120.41
michel,PATHSAMPLE,opencl00,ngt.0.small,134.16,133.49,134.01,133.71,133.44
michel,PATHSAMPLE,opencl00,ngt.1.small,133.92,133.22,133.34,132.63,132.55
michel,PATHSAMPLE,opencl00,ngt.2.small,132.83,132.97,132.65,132.48,132.66
michel,PATHSAMPLE,opencl00,ngt.0.large,231.52,230.44,230.05,230.28,230.02
michel,PATHSAMPLE,opencl00,ngt.1.large,230.05,230.51,230.30,230.83,229.74
michel,PATHSAMPLE,opencl00,ngt.2.large,230.07,232.60,230.08,229.80,229.95
michel,PATHSAMPLE,opencl10,pfold.0.small,23.70,23.68,23.30,23.54,23.17
michel,PATHSAMPLE,opencl10,pfold.1.small,22.28,22.35,22.47,22.44,22.43
michel,PATHSAMPLE,opencl10,pfold.2.small,18.64,18.59,18.64,18.54,18.55
michel,PATHSAMPLE,opencl10,pfold.0.large,161.69,162.40,161.75,161.88,162.18
michel,PATHSAMPLE,opencl10,pfold.1.large,152.37,151.87,151.60,152.03,152.19
michel,PATHSAMPLE,opencl10,pfold.2.large,99.79,98.76,99.51,99.59,99.44
michel,PATHSAMPLE,opencl10,ngt.0.small,125.87,125.70,125.82,125.95,125.98
michel,PATHSAMPLE,opencl10,ngt.1.small,125.96,126.35,126.61,126.97,128.16
michel,PATHSAMPLE,opencl10,ngt.2.small,128.00,128.44,128.26,129.08,129.42
michel,PATHSAMPLE,opencl10,ngt.0.large,179.08,179.40,179.76,179.91,179.21
michel,PATHSAMPLE,opencl10,ngt.1.large,178.92,177.72,179.51,179.34,179.68
michel,PATHSAMPLE,opencl10,ngt.2.large,178.55,178.91,179.10,179.38,178.93
michel,bfs,native,roadNet-CA,1.93276,2.13025,2.14211,1.86749,2.07436
michel,bfs,native,kron,2.37893,2.89841,1.97951,1.97661,2.47779
michel,bfs,native,in-2004,4.0362,3.97676,3.98386,3.88999,4.11101
michel,bfs,native,ljournal-2008,13.2628,13.6287,14.2668,13.9335,14.2689
michel,bfs,native,USA-road-d.E,32.6803,31.1169,32.512,21.8538,28.7778
michel,bfs,native,higgs-twitter,0.258441,0.255777,0.253797,0.257211,0.254114
michel,bfs,native,Si5H12,0.0240533,0.0234182,0.0239456,0.0237762,0.0238189
michel,bfs,native,com-Youtube,1.11367,1.07172,1.11286,1.13969,1.04584
michel,bfs,native,erdos,44.2821,40.6856,42.9153,31.0818,26.3153
michel,bfs,native,eu-2005,2.33812,2.21598,2.34971,2.33631,2.34956
michel,bfs,gpu,roadNet-CA,2.24031,2.13039,2.15639,2.1601,2.11877
michel,bfs,gpu,kron,1.93744,2.24425,1.72227,1.76535,2.30248
michel,bfs,gpu,in-2004,2.57094,2.58157,2.60421,2.63071,2.54841
michel,bfs,gpu,ljournal-2008,7.41309,6.47509,7.40591,6.90871,7.1492
michel,bfs,gpu,USA-road-d.E,15.3393,19.5892,22.572,13.7267,19.3439
michel,bfs,gpu,higgs-twitter,0.995444,1.00848,0.989449,1.00136,0.994884
michel,bfs,gpu,Si5H12,0.724568,0.726777,0.715572,0.733396,0.716637
michel,bfs,gpu,com-Youtube,1.39042,1.39436,1.45452,1.45884,1.33759
michel,bfs,gpu,erdos,5.18979,5.82893,5.33959,5.4264,6.49989
michel,bfs,gpu,eu-2005,1.62948,1.66266,1.65806,1.64508,1.63822
michel,bfs,opencl00,roadNet-CA,46.4128,44.7836,43.1462,46.3151,49.7077
michel,bfs,opencl00,kron,2.04217,1.31464,1.53215,1.82665,0.959829
michel,bfs,opencl00,in-2004,146.088,148.989,151.908,151.897,151.905
michel,bfs,opencl00,ljournal-2008,278.706,293.732,294.146,263.317,301.629
michel,bfs,opencl00,USA-road-d.E,219.534,182.664,206.126,242.016,185.47
michel,bfs,opencl00,higgs-twitter,0.51268,0.52089,0.529616,0.529629,0.523307
michel,bfs,opencl00,Si5H12,1.05107,1.04757,1.04867,1.04876,1.03603
michel,bfs,opencl00,com-Youtube,17.1738,18.0868,16.2186,18.0931,16.2824
michel,bfs,opencl00,erdos,8.32414,8.94878,9.69623,8.30914,9.13736
michel,bfs,opencl00,eu-2005,41.9787,39.2527,41.7688,40.5742,42.9347
michel,bfs,opencl10,roadNet-CA,10.7748,9.77688,9.34217,10.0466,9.74503
michel,bfs,opencl10,kron,1.08793,1.69609,1.09617,1.68405,1.27776
michel,bfs,opencl10,in-2004,29.279,28.8507,28.8087,27.682,28.2509
michel,bfs,opencl10,ljournal-2008,54.2964,65.1911,61.3617,55.8112,55.8209
michel,bfs,opencl10,USA-road-d.E,67.4392,52.6535,60.8956,43.2272,71.0024
michel,bfs,opencl10,higgs-twitter,0.372504,0.372366,0.372303,0.382074,0.380064
michel,bfs,opencl10,Si5H12,0.36741,0.303532,0.300541,0.302226,0.292783
michel,bfs,opencl10,com-Youtube,4.09129,3.53663,4.64492,4.32773,4.40053
michel,bfs,opencl10,erdos,3.20865,3.31467,3.98517,2.80981,3.47654
michel,bfs,opencl10,eu-2005,7.86682,8.02907,7.90367,7.31278,7.60669
michel,bfs,sparsex,roadNet-CA,,,,,
michel,bfs,sparsex,kron,2.70568,2.4523,3.21676,2.10523,2.93145
michel,bfs,sparsex,in-2004,,,,,
michel,bfs,sparsex,ljournal-2008,,,,,
michel,bfs,sparsex,USA-road-d.E,,,,,
michel,bfs,sparsex,higgs-twitter,,,,,
michel,bfs,sparsex,Si5H12,,,,,
michel,bfs,sparsex,com-Youtube,,,,,
michel,bfs,sparsex,erdos,19.0005,22.1921,20.6874,15.4389,18.5606
michel,bfs,sparsex,eu-2005,,,,,
firuza,PageRank,opencl00,roadNet-CA,16.6198,16.4484,16.4309,16.4621,16.4701
firuza,PageRank,opencl00,kron,3.37159,3.29477,3.19786,3.19535,3.23363
firuza,PageRank,opencl00,in-2004,15.8888,15.7297,15.6546,15.6329,15.6222
firuza,PageRank,opencl00,ljournal-2008,70.1908,69.7383,69.6199,70.1346,69.9984
firuza,PageRank,opencl00,USA-road-d.E,29.562,29.4221,29.603,29.5525,29.5065
firuza,PageRank,opencl00,higgs-twitter,8.46109,8.27538,8.25888,8.28939,8.29146
firuza,PageRank,opencl00,Si5H12,0.467905,0.373578,0.369256,0.368202,0.368175
firuza,PageRank,opencl00,com-Youtube,12.1732,12.0316,12.0049,11.997,12.0015
firuza,PageRank,opencl00,erdos,4.85387,4.71381,4.73333,4.73874,4.73031
firuza,PageRank,opencl00,eu-2005,12.7492,12.4997,12.4903,12.4599,12.5135
firuza,PageRank,native,roadNet-CA,22.7711,22.2701,22.3409,22.3395,23.018
firuza,PageRank,native,kron,2.8667,2.85066,2.86988,2.83851,2.85528
firuza,PageRank,native,in-2004,24.5676,24.4941,24.5715,24.4653,24.3989
firuza,PageRank,native,ljournal-2008,242.152,241.997,243.186,241.101,242.089
firuza,PageRank,native,USA-road-d.E,44.0489,44.1422,43.7523,43.8294,45.0658
firuza,PageRank,native,higgs-twitter,24.7357,24.8386,24.8876,24.8453,24.8245
firuza,PageRank,native,Si5H12,0.944048,0.96033,0.959427,0.955457,0.947152
firuza,PageRank,native,com-Youtube,19.5763,19.4567,19.5505,19.694,19.4736
firuza,PageRank,native,erdos,4.15434,4.13519,4.16933,4.16195,4.15303
firuza,PageRank,native,eu-2005,22.2581,22.2914,22.6245,22.9007,22.2865
firuza,bfs,gpu,roadNet-CA,0.77405,0.742401,0.766228,0.780524,0.779614
firuza,bfs,gpu,kron,,,,,
firuza,bfs,gpu,in-2004,0.986676,0.904145,0.942988,0.936819,0.952423
firuza,bfs,gpu,ljournal-2008,3.36893,3.50386,3.50632,3.24906,3.51606
firuza,bfs,gpu,USA-road-d.E,5.96862,6.40265,7.76512,5.13987,6.04442
firuza,bfs,gpu,higgs-twitter,0.369221,0.371448,0.382671,0.371006,0.372634
firuza,bfs,gpu,Si5H12,0.316657,0.31882,0.3154,0.317695,0.317523
firuza,bfs,gpu,com-Youtube,0.522477,0.524012,0.562603,0.554152,0.508662
firuza,bfs,gpu,erdos,1.96487,1.87343,1.47626,1.49748,1.81632
firuza,bfs,gpu,eu-2005,0.598529,0.610124,0.639205,0.594826,0.629495
firuza,NPB,gpu,S,0.09,0.09,0.09,0.09,0.09
firuza,NPB,gpu,W,0.11,0.11,0.11,0.11,0.11
firuza,NPB,gpu,A,0.11,0.10,0.10,0.10,0.10
firuza,NPB,gpu,B,3.07,3.09,3.09,3.09,3.09
firuza,NPB,gpu,C,8.62,8.60,8.63,8.62,8.63
firuza,NPB,gpu,D,839.71,839.27,839.43,839.65,839.39
firuza,parboil-spmv,gpu,small,0.355989,0.309620,0.310418,0.313588,0.310201
firuza,parboil-spmv,gpu,medium,0.336901,0.334474,0.337445,0.335319,0.332028
firuza,parboil-spmv,gpu,large,0.361690,0.340645,0.345374,0.343433,0.342534
firuza,Netlib-C,gpu,40,0.430,0.430,0.431,0.441,0.440
firuza,Netlib-C,gpu,60,0.505,0.507,0.510,0.500,0.496
firuza,Netlib-C,gpu,80,0.752,0.756,0.753,0.755,0.755
firuza,Netlib-C,gpu,100,1.272,1.257,1.255,1.249,1.263
firuza,Netlib-C,gpu,120,2.009,1.998,1.996,2.034,2.000
firuza,Netlib-C,gpu,140,3.067,3.053,3.059,3.071,3.048
firuza,Netlib-C,gpu,160,4.449,4.477,4.446,4.455,4.454
firuza,Netlib-F,gpu,40,0.428,0.426,0.435,0.428,0.430
firuza,Netlib-F,gpu,60,0.510,0.513,0.507,0.517,0.511
firuza,Netlib-F,gpu,80,0.778,0.777,0.775,0.774,0.777
firuza,Netlib-F,gpu,100,1.309,1.320,1.300,1.313,1.307
firuza,Netlib-F,gpu,120,2.102,2.110,2.091,2.094,2.108
firuza,Netlib-F,gpu,140,3.220,3.223,3.200,3.236,3.202
firuza,Netlib-F,gpu,160,4.681,4.722,4.679,4.676,4.686
firuza,PATHSAMPLE,gpu,pfold.0.small,18.64,18.57,18.62,18.60,18.58
firuza,PATHSAMPLE,gpu,pfold.1.small,17.16,17.30,17.09,17.14,17.19
firuza,PATHSAMPLE,gpu,pfold.2.small,12.80,12.83,12.75,12.95,12.84
firuza,PATHSAMPLE,gpu,pfold.0.large,146.88,146.40,146.23,146.46,146.57
firuza,PATHSAMPLE,gpu,pfold.1.large,132.68,132.54,132.94,132.99,133.08
firuza,PATHSAMPLE,gpu,pfold.2.large,90.62,90.65,90.62,90.50,90.58
firuza,PATHSAMPLE,gpu,ngt.0.small,65.35,65.49,65.66,65.17,65.74
firuza,PATHSAMPLE,gpu,ngt.1.small,65.71,65.17,65.80,65.50,65.61
firuza,PATHSAMPLE,gpu,ngt.2.small,65.41,66.28,66.52,69.68,65.76
firuza,PATHSAMPLE,gpu,ngt.0.large,122.53,122.43,122.45,123.34,122.60
firuza,PATHSAMPLE,gpu,ngt.1.large,122.51,122.47,123.26,122.72,122.50
firuza,PATHSAMPLE,gpu,ngt.2.large,122.73,122.67,122.48,122.63,122.52
monaco,NPB,gpu,S,0.34,0.25,0.24,0.25,0.24
monaco,NPB,gpu,W,0.32,0.33,0.32,0.33,0.32
monaco,NPB,gpu,A,0.38,0.38,0.41,0.38,0.38
monaco,NPB,gpu,B,13.31,13.31,13.31,13.32,13.31
monaco,NPB,gpu,C,37.71,37.73,37.70,37.74,37.71
monaco,NPB,gpu,D,,
monaco,parboil-spmv,gpu,small,0.819996,0.799889,0.808981,0.807996,0.810307
monaco,parboil-spmv,gpu,medium,0.869894,0.875018,0.853299,0.867592,0.858350
monaco,parboil-spmv,gpu,large,0.996433,0.904935,0.906344,0.958751,0.929315
monaco,Netlib-C,gpu,40,1.143,1.107,1.086,1.073,1.103
monaco,Netlib-C,gpu,60,1.258,1.298,1.307,1.308,1.295
monaco,Netlib-C,gpu,80,1.802,1.789,1.841,1.776,1.786
monaco,Netlib-C,gpu,100,2.825,2.838,2.782,2.850,2.844
monaco,Netlib-C,gpu,120,4.195,4.222,4.267,4.758,4.222
monaco,Netlib-C,gpu,140,6.212,6.194,6.190,6.172,6.148
monaco,Netlib-C,gpu,160,8.728,8.751,8.798,8.681,8.775
monaco,Netlib-F,gpu,40,1.180,1.065,1.077,1.074,1.094
monaco,Netlib-F,gpu,60,1.310,1.339,1.294,1.316,1.314
monaco,Netlib-F,gpu,80,1.861,1.813,1.794,1.820,1.785
monaco,Netlib-F,gpu,100,2.909,2.917,2.919,2.921,2.900
monaco,Netlib-F,gpu,120,4.354,4.379,4.420,4.392,4.336
monaco,Netlib-F,gpu,140,6.292,6.229,6.285,6.324,6.236
monaco,Netlib-F,gpu,160,8.963,8.946,8.971,8.890,8.976
monaco,PATHSAMPLE,gpu,pfold.0.small,29.54,29.27,31.56,29.29,31.58
monaco,PATHSAMPLE,gpu,pfold.1.small,31.21,29.22,31.56,31.30,29.08
monaco,PATHSAMPLE,gpu,pfold.2.small,27.08,27.43,25.46,27.21,27.35
monaco,PATHSAMPLE,gpu,pfold.0.large,176.81,181.41,176.36,176.77,176.85
monaco,PATHSAMPLE,gpu,pfold.1.large,179.46,184.60,175.70,175.00,175.66
monaco,PATHSAMPLE,gpu,pfold.2.large,135.15,135.42,135.12,135.38,137.98
monaco,PATHSAMPLE,gpu,ngt.0.small,156.30,155.88,155.78,157.94,155.71
monaco,PATHSAMPLE,gpu,ngt.1.small,156.00,155.80,155.94,155.78,155.87
monaco,PATHSAMPLE,gpu,ngt.2.small,155.69,155.95,155.89,155.48,155.63
monaco,PATHSAMPLE,gpu,ngt.0.large,284.54,284.18,285.06,284.27,284.09
monaco,PATHSAMPLE,gpu,ngt.1.large,284.69,285.09,284.76,284.83,284.67
monaco,PATHSAMPLE,gpu,ngt.2.large,284.77,284.65,284.78,284.79,284.51
